"","date","RPP_AU","RPP_CA","RPP_DK","RPP_IS","RPP_JP","RPP_NZ","RPP_NO","RPP_SE","RPP_CH","RPP_GB","RPP_US","RPP_AT","RPP_BE","RPP_FI","RPP_FR","RPP_DE","RPP_GR","RPP_IE","RPP_IT","RPP_LU","RPP_NL","RPP_PT","RPP_ES","RPP_CN","RPP_HK","RPP_IN","RPP_ID","RPP_KR","RPP_MY","RPP_PH","RPP_SG","RPP_TH","RPP_CO","RPP_MX","RPP_BG","RPP_HR","RPP_CZ","RPP_EE","RPP_HU","RPP_LV","RPP_LT","RPP_PL","RPP_RO","RPP_SK","RPP_SI","RPP_IL","RPP_RU","RPP_ZA","RPP_TR","RPP_AR","RPP_BR","RPP_CL","RPP_PE","RPP_RS"
"1",1996 Q1,4.97384557551754,4.87048813649659,4.96864630101764,NA,NA,NA,4.95253341102983,4.76294240909444,4.6864604176826,4.88847763197767,4.96413892597831,NA,4.87738709972673,4.83202612738379,NA,NA,NA,5.01039156125492,NA,NA,4.9511804406221,NA,4.99910693993903,NA,4.69432148599447,NA,NA,NA,NA,NA,NA,NA,NA,NA,NA,NA,NA,NA,NA,NA,NA,NA,NA,NA,NA,NA,NA,5.48871385788664,NA,5.53237660982742,NA,NA,NA,NA
"2",1996 Q2,4.9786942100495,4.88382663937857,4.98359601429351,NA,NA,NA,4.98965688662763,4.76957428846288,4.68189436063106,4.87907021822303,4.96144497186462,NA,4.8889680692845,4.86211408601102,NA,NA,NA,5.01907354783242,NA,NA,4.97888102855056,NA,4.99524970150698,NA,4.71445005673513,NA,NA,NA,NA,NA,NA,NA,NA,NA,NA,NA,NA,NA,NA,NA,NA,NA,NA,NA,NA,NA,NA,5.47766334481472,NA,5.53372741626867,NA,NA,NA,NA
"3",1996 Q3,4.97926417761776,4.86845038871592,5.01050698576983,NA,NA,NA,5.0035941818128,4.79194568134311,4.6791810653808,4.91663600121855,4.96152905883656,NA,4.90270238361548,4.89463559486889,NA,NA,NA,5.11995255848656,NA,NA,5.01147546447394,NA,4.99121757577818,NA,4.7328403591282,NA,NA,NA,NA,NA,NA,NA,NA,NA,NA,NA,NA,NA,NA,NA,NA,NA,NA,NA,NA,NA,NA,5.46056991512581,NA,5.49322196080388,NA,NA,NA,NA
"4",1996 Q4,4.98033730010842,4.8681923704227,5.04435292959774,NA,NA,NA,5.02053647052865,4.79111215764356,4.64841075610022,4.92740541676008,4.96071000141726,NA,4.90639940252658,4.93319324813284,NA,NA,NA,5.1259973046418,NA,NA,5.02515243229846,NA,4.98812065560007,NA,4.81058554299391,NA,NA,NA,5.07778801899425,NA,NA,NA,NA,NA,NA,NA,NA,NA,NA,NA,NA,NA,NA,NA,NA,NA,NA,5.44793025246352,NA,5.48379257229662,NA,NA,NA,NA
"5",1997 Q1,4.98757819416724,4.87435095157941,5.06700338493221,NA,NA,NA,5.0256265387751,4.80780834094058,4.63818298102319,4.94082886056076,4.96211375712731,NA,4.86072796216251,5.00134077502435,NA,NA,NA,5.13094297029206,NA,NA,5.05306491178378,NA,4.98547080044163,NA,4.97570947273267,NA,NA,NA,5.08340877737615,NA,NA,NA,NA,NA,NA,NA,NA,NA,NA,NA,NA,NA,NA,NA,NA,NA,NA,5.43333731833105,NA,5.48098340106218,NA,NA,NA,NA
"6",1997 Q2,5.00347427975588,4.89627549778554,5.08425549014453,NA,NA,NA,5.09056657934269,4.83593951902314,4.6277950084842,4.95154280038685,4.96807966447219,NA,4.89909081811055,5.02630489864633,NA,NA,NA,5.17650470670901,NA,NA,5.07387171097807,NA,4.99182285715526,NA,5.04579375319159,NA,NA,NA,5.083762292618,NA,NA,NA,NA,NA,NA,NA,NA,NA,NA,NA,NA,NA,NA,NA,NA,NA,NA,5.44490249632261,NA,5.49120232790542,NA,NA,NA,NA
"7",1997 Q3,5.02584501768357,4.87609960014498,5.10033437915545,NA,NA,NA,5.09567624729047,4.85354888515202,4.62928751665389,4.99715315125836,4.97643587712716,NA,4.9204981075094,5.03711607030021,NA,NA,NA,5.24359687753678,NA,NA,5.09648132700973,NA,4.99015778837891,NA,5.04732666746523,NA,NA,NA,5.05795231816713,NA,NA,NA,NA,NA,NA,NA,NA,NA,NA,NA,NA,NA,NA,NA,NA,NA,NA,5.47955424522128,NA,5.49524277420606,NA,NA,NA,NA
"8",1997 Q4,5.04198922220407,4.87556005551629,5.10724001543201,NA,NA,NA,5.10386590726598,4.84776159245018,4.6177196149359,4.98570746404869,4.98776671391186,NA,4.92426200083739,5.05619265643075,NA,NA,NA,5.30808074618218,NA,NA,5.10962935696351,NA,4.99105260868284,NA,4.99404009601363,NA,NA,NA,5.00491454054811,NA,NA,NA,NA,NA,NA,NA,NA,NA,NA,NA,NA,NA,NA,NA,NA,NA,NA,5.52379373840802,NA,5.49562233208867,NA,NA,NA,NA
"9",1998 Q1,5.06342242570482,4.8606774294586,5.12431049290302,NA,NA,NA,5.13498169128642,4.88803094334492,4.62026133281382,5.01232780869506,5.00266753029862,NA,4.93380865820751,5.08469413663243,NA,NA,NA,5.3457017687676,NA,NA,5.131846962176,NA,4.99139482409696,NA,4.83563908163152,NA,NA,NA,4.9639361330381,NA,4.47312340506776,NA,NA,NA,NA,NA,NA,NA,NA,NA,NA,NA,NA,NA,NA,NA,NA,5.54226820078788,NA,5.48393001276471,NA,NA,NA,NA
"10",1998 Q2,5.07900476318217,4.86670387001211,5.15682363897197,NA,NA,5.02315355574491,5.19084809991447,4.91736861802044,4.61514251940509,5.05356866266933,5.01252692055739,NA,4.93126400955782,5.10283717314386,NA,NA,NA,5.3537249098901,NA,NA,5.1506257556511,NA,5.01007875373062,NA,4.71055834222565,NA,NA,NA,4.91419663954423,NA,4.39098637604535,NA,NA,NA,NA,NA,NA,NA,NA,NA,NA,NA,NA,NA,NA,NA,NA,5.547712558366,NA,5.48367911522231,NA,NA,NA,NA
"11",1998 Q3,5.07752301336378,4.84555559823177,5.1693306206894,NA,NA,5.01921739772633,5.17912596077604,4.95014600042945,4.61874746665576,5.09659603431423,5.02594858262296,NA,4.97411407617354,5.12853186084477,NA,NA,NA,5.39332061230211,NA,NA,5.18128661247385,NA,5.02343903391622,NA,4.52736560457675,NA,NA,NA,4.87859565426797,NA,4.25220264683768,NA,NA,NA,NA,NA,NA,NA,NA,NA,NA,NA,NA,NA,NA,NA,NA,5.53318111731613,NA,5.47611599844637,NA,NA,NA,NA
"12",1998 Q4,5.08946407620409,4.85787092890089,5.17992929314178,NA,NA,5.0348378188044,5.14438005220398,4.96280831218681,4.61437639221602,5.08542548068414,5.04077604290054,NA,4.97466317331454,5.13805897762179,NA,NA,NA,5.47913242401111,NA,NA,5.20279865655798,NA,5.04164563313542,NA,4.5163093429321,NA,NA,NA,4.87192400101467,NA,4.16324854086931,NA,NA,NA,NA,NA,NA,NA,NA,NA,NA,NA,NA,NA,NA,NA,NA,5.51504664546866,NA,5.48425484391409,NA,NA,NA,NA
"13",1999 Q1,5.10720852808589,4.86071631463447,5.19031058845208,NA,NA,5.05085656933053,5.17372216533937,4.97648280119686,4.61615609258839,5.0928493748599,5.05244551276471,NA,4.98970081767779,5.15370734326659,NA,NA,NA,5.52029284268061,NA,NA,5.23637687873577,NA,5.06449480747071,NA,4.54454174633258,NA,NA,NA,4.84321130061953,NA,4.21508617991823,4.91632092510901,NA,NA,NA,NA,NA,NA,NA,NA,NA,NA,NA,NA,NA,NA,NA,5.50514056541118,NA,5.48872819519878,NA,NA,NA,NA
"14",1999 Q2,5.1253572341895,4.88827358580915,5.19460381431941,NA,4.49432070052015,5.06069349557759,5.24428958240094,5.00908143712347,4.61026250898106,5.12388725451621,5.06219322902811,NA,5.0027897229648,5.16981885446311,NA,NA,NA,5.48730166023601,NA,NA,5.26967796103599,NA,5.09047119745125,NA,4.55365237976332,NA,NA,NA,4.84579692852191,NA,4.32452992832536,4.68950397242327,NA,NA,NA,NA,NA,NA,NA,NA,NA,NA,NA,NA,NA,NA,NA,5.52466270870744,NA,5.4982479702215,NA,NA,NA,NA
"15",1999 Q3,5.13503619232623,4.87271806208474,5.20787529943788,NA,4.48886720985989,5.05670055387822,5.26608433106166,5.03883279733424,4.60486335396369,5.18313127393143,5.07586627228639,NA,5.03634323548595,5.20462751441731,NA,NA,NA,5.57539396075327,NA,NA,5.31913841171755,NA,5.10943562522359,NA,4.54940617382802,NA,NA,NA,4.86081937310309,NA,4.40035759135861,4.88601937594354,NA,NA,NA,NA,NA,NA,NA,NA,NA,NA,NA,NA,NA,NA,NA,5.5355291417053,NA,5.49755005028676,NA,NA,NA,NA
"16",1999 Q4,5.16155723651493,4.8835636207373,5.20168715342401,NA,4.47907266026568,5.04451475074151,5.2899018386312,5.03403554097818,4.60449605984811,5.20505353863588,5.09059336644556,NA,5.01523396484329,5.22120012873791,NA,NA,NA,5.60830432814169,NA,NA,5.35577234644897,NA,5.10577028675963,NA,4.50899035916704,NA,NA,NA,4.87509988522022,NA,4.45166929500233,4.84470456654143,NA,NA,NA,NA,NA,NA,NA,NA,NA,NA,NA,NA,NA,4.56069569588626,NA,5.56053743088077,NA,5.49990890696032,NA,NA,NA,NA
"17",2000 Q1,5.17116111609176,4.8834762600544,5.20968261632684,NA,4.47555387436597,5.04050609269131,5.33735767013018,5.06539054959147,4.59581206719657,5.2334181540216,5.10559829331397,4.58741346439883,5.03698597662971,5.2263068038286,NA,NA,NA,5.59919340221137,NA,NA,5.39733978685821,NA,5.12873362784939,NA,4.5380418997352,NA,NA,NA,4.87393174913722,NA,4.4751753893719,4.84102672556229,NA,NA,NA,NA,NA,NA,NA,NA,NA,NA,NA,NA,NA,4.52580225060452,NA,5.60782709500553,NA,5.49198795242327,NA,NA,NA,NA
"18",2000 Q2,5.18737945054608,4.89395826409735,5.22514626328088,NA,4.46321219888871,5.03069364331732,5.39450268073544,5.1054820152123,4.60361873885894,5.27824005553503,5.12009017842611,4.56393143797149,5.03221588657838,5.22880206293275,NA,NA,NA,5.5949939358102,NA,NA,5.42554114851886,NA,5.1470241648199,NA,4.47094755878071,NA,NA,NA,4.9017157183738,NA,4.49132936956433,4.87379120678061,NA,NA,NA,NA,NA,NA,NA,NA,NA,NA,NA,NA,NA,4.52915269956418,NA,5.62694208805496,NA,5.49269308794034,NA,NA,NA,NA
"19",2000 Q3,5.14826121676453,4.88241028581585,5.24705586489145,NA,4.45547369051087,5.01852492450636,5.36206745392775,5.13986999262885,4.6143601222999,5.29824683436216,5.13388040981296,4.54020490713573,5.0386917561093,5.20417166962385,NA,NA,NA,5.62713624900477,NA,NA,5.46271189917825,NA,5.14829537530593,NA,4.44608926639293,NA,NA,NA,4.90698255944719,NA,4.45446356856339,4.8375769580516,NA,NA,NA,NA,NA,NA,NA,NA,NA,NA,NA,NA,NA,4.50590218432942,NA,5.64106061130875,NA,5.48426035743843,NA,NA,NA,NA
"20",2000 Q4,5.1690599163728,4.88592193739415,5.2486798164977,NA,4.44594265552154,5.00259177623081,5.35284325610324,5.13642002494519,4.60746423682947,5.3203588666479,5.15107224092514,4.5295841990315,5.0477232495539,5.18265938373468,NA,NA,NA,5.67424155315222,NA,NA,5.47671321765589,NA,5.14095774504012,NA,4.41001076695575,NA,NA,NA,4.90357756965536,NA,4.42172800152543,4.85977681251994,NA,NA,NA,NA,NA,NA,NA,NA,NA,NA,NA,NA,NA,4.49043250851767,NA,5.67270207202253,NA,5.47851745688564,NA,NA,NA,NA
"21",2001 Q1,5.17985447550344,4.8811149041914,5.26263246406114,NA,4.43798329611995,5.01473250341947,5.37223374856705,5.1640797921908,4.61616013687294,5.32150778049686,5.16423614835558,4.57016457678928,5.06048025073718,5.18114372602547,NA,NA,NA,5.67720012650245,NA,NA,5.48597351641808,NA,5.17444289075755,NA,4.37981411236097,NA,NA,NA,4.88629203652318,NA,4.37600856234832,4.86926418921,NA,NA,NA,NA,NA,NA,NA,NA,NA,NA,NA,NA,NA,4.48874872297084,NA,5.6934619274134,NA,5.48342327722607,3.95680514820004,NA,4.33742145124376,NA
"22",2001 Q2,5.20686534151331,4.9064165601151,5.26314164423999,NA,4.42690670785116,5.00905131630629,5.40292796408082,5.15953007398335,4.61679551687462,5.34215931487697,5.1719745296512,4.51644825592729,5.05322560186793,5.17670003176127,NA,NA,NA,5.65659377998354,NA,NA,5.49735184854875,NA,5.19557321474953,NA,4.38098826715516,NA,NA,NA,4.89339391991838,NA,4.36843468115441,4.82467841873704,NA,NA,NA,NA,NA,NA,NA,NA,NA,NA,NA,NA,NA,4.46222317666816,NA,5.69162161335029,NA,5.48686910857347,3.94449019556565,NA,4.44265125649032,NA
"23",2001 Q3,5.25495819304438,4.9081998174631,5.27511857150363,NA,4.41759184979099,5.01346354472134,5.4132020290822,5.17643396226903,4.63069474893381,5.37672656980947,5.18920598768608,4.55345575030141,5.06726046792453,5.17293641746903,NA,NA,NA,5.63609723477745,NA,NA,5.51892225655038,NA,5.20968043140595,NA,4.35188474724186,NA,NA,NA,4.90361700928593,NA,4.33794412210369,4.80652582933584,NA,NA,NA,NA,NA,NA,NA,NA,NA,NA,NA,NA,NA,4.45864039329219,NA,5.72302952830448,NA,5.48632737872356,3.92296294546648,NA,4.3380747471447,NA
"24",2001 Q4,5.28249243330917,4.93040051275073,5.26392066144872,NA,4.40779074654071,5.02347456483907,5.40703606904424,5.15821795950006,4.63829055371643,5.35582465870741,5.20853988682053,4.50821865991164,5.06594194740692,5.17677542917163,NA,NA,NA,5.64065703971765,NA,NA,5.52155325291606,NA,5.21938343640276,NA,4.2997486104728,NA,NA,NA,4.89912635602638,NA,4.29932414290864,4.83794508645463,NA,NA,NA,NA,NA,NA,NA,NA,NA,NA,NA,NA,NA,4.45585778280108,NA,5.75341353474799,NA,5.48790855994701,3.90560243762522,NA,4.37877134195321,NA
"25",2002 Q1,5.31048849283863,4.96654568847754,5.26934726678422,NA,4.40124017484285,5.05391881366787,5.4336537408442,5.17293814050584,4.66218665689497,5.38879885045162,5.22304204880818,4.53539129138017,5.08121905078293,5.20883933867619,NA,NA,NA,5.66746978607322,5.04167487272812,NA,5.52695118131786,NA,5.27297428649575,NA,4.31379903638084,NA,4.93734749832642,NA,4.88939705402164,NA,4.28922580381834,4.83577697394178,NA,NA,NA,NA,NA,NA,NA,NA,NA,NA,NA,NA,NA,4.49312068217947,NA,5.75264458618316,NA,5.50910043276223,3.89324785010181,4.57697645161731,4.33689850705613,NA
"26",2002 Q2,5.36174254317182,4.99029165727247,5.27828885015507,NA,4.3829562850411,5.06713071343626,5.46279309477691,5.19156678877817,4.66465139585797,5.45862521862062,5.23750965938425,4.51129897037802,5.09682845668093,5.2327155592549,NA,NA,NA,5.65934209721565,5.0551974523611,NA,5.53009696987811,NA,5.31123916108141,NA,4.29496606113347,NA,4.94349784310876,NA,4.90023093502239,NA,4.27860867547539,4.83650392703121,4.22478785824739,NA,NA,NA,NA,NA,NA,NA,NA,NA,NA,NA,NA,4.48141937855192,NA,5.74821089862825,NA,5.48275345820081,3.88321192357403,4.60416968565451,4.34885757328237,NA
"27",2002 Q3,5.39607221145802,4.97118955878659,5.28469591767561,NA,4.37047643457115,5.09331653805445,5.43078019162548,5.22857114235676,4.68816229142885,5.52302082752605,5.2577494208489,4.54297558239497,5.11957508824354,5.2453681732068,NA,NA,NA,5.70180950546421,5.06238088177606,NA,5.54404277362296,NA,5.33687600733947,NA,4.25100605205543,NA,4.94128521596146,NA,4.91373569123695,NA,4.28344862131279,4.83545466908755,4.20737558418415,NA,NA,NA,NA,NA,NA,NA,NA,NA,NA,NA,NA,4.44605721433102,NA,5.74890897179821,NA,5.48577410379882,3.87286629022695,4.61135104506317,4.49858670058531,NA
"28",2002 Q4,5.42546660877452,4.99748718206793,5.2784653655093,NA,4.35529028637319,5.12649594775363,5.41226614062103,5.22452866776298,4.69797994911567,5.56584501641386,5.27561308378458,4.51206756772577,5.13135109698377,5.24465986074367,NA,NA,NA,5.7265321226731,5.06311407199835,NA,5.54057627761785,NA,5.34048492578336,NA,4.20353042751017,NA,4.92406018556407,NA,4.92850399051125,NA,4.27971701584931,4.82913910981595,4.1959982159486,NA,NA,NA,NA,NA,NA,NA,NA,NA,NA,NA,NA,4.42938720603372,NA,5.76176986427714,NA,5.48980584757795,3.84331580741836,4.59784341060163,4.34808197862094,NA
"29",2003 Q1,5.43913533021231,5.00537309715121,5.26567152437405,NA,4.34292731672982,5.1763371383227,5.40632704591052,5.22010010458046,4.70797870499977,5.58383405129194,5.28553920182795,4.52417702677856,5.13669455054155,5.25691657539931,5.10498632829964,4.66695157673938,NA,5.73831663656041,5.07743521443001,NA,5.54181132674231,NA,5.39242345582655,NA,4.17055238844533,NA,4.92384207512662,NA,4.92277930547428,NA,4.26787761298298,4.83624778260638,4.1560666208501,NA,NA,NA,NA,NA,NA,NA,NA,NA,NA,NA,NA,4.4188406077966,NA,5.78729544395824,NA,5.48412125272547,3.80843868917158,4.58394654953646,4.17807277775281,NA
"30",2003 Q2,5.49168079214208,5.03939796950818,5.2807338793071,NA,4.32180901587358,5.21043545251263,5.42974001723431,5.24121002209564,4.71213877879577,5.6079606478584,5.3032218572373,4.51228705850804,5.14561674619854,5.27582661500593,5.13859364698877,4.66449007490304,NA,5.74475355134062,5.08358439758425,NA,5.54534010090978,NA,5.44244823130854,NA,4.13274426059299,NA,4.93533687004603,NA,4.91985650497929,NA,4.2636653068388,4.83270605133577,4.17130560335823,NA,NA,NA,NA,NA,NA,NA,NA,NA,NA,NA,NA,4.38052550854761,NA,5.83166911143786,NA,5.48799492498345,3.8150714793517,4.57119966641694,4.2534827835604,NA
"31",2003 Q3,5.5425202902635,5.05648447357736,5.30281030551757,NA,4.30638654755009,5.26822468943508,5.43171484924351,5.26639506896672,4.7291679087229,5.63333917512784,5.32685944404755,4.49980967033027,5.16677739442963,5.30017404559062,5.17771906810464,4.65653912174526,NA,5.7941071899635,5.09674460756169,NA,5.55105861466725,NA,5.47092137847322,NA,4.14264513837592,NA,4.94185668536769,NA,4.95082104300424,NA,4.25547085578578,4.84644275928613,4.15229895548266,NA,NA,NA,NA,NA,NA,NA,NA,NA,NA,NA,NA,4.39814601655377,NA,5.88796549187138,NA,5.51273993225087,3.84524197173779,4.60045910625797,4.19825402561261,NA
"32",2003 Q4,5.57446615519657,5.08378758596811,5.30352311550201,NA,4.29198533041112,5.32649889452324,5.43974581020713,5.27123892421275,4.71794787514969,5.64807128564898,5.35898365488012,4.5224405383891,5.1834301671049,5.31151792267705,5.18768888150173,4.65049043376675,NA,5.83523567603932,5.09839882261841,NA,5.56164733081704,NA,5.48363865074126,NA,4.21539029622027,NA,4.92834005136943,NA,4.95266375576668,NA,4.25234496520411,4.86579569419637,4.19524514715783,NA,NA,NA,NA,NA,NA,NA,NA,NA,NA,NA,NA,4.39123411542479,NA,5.97669577925494,NA,5.53999253728635,3.86786210964238,4.61462534475885,4.21803603456465,NA
"33",2004 Q1,5.56150108584294,5.0954328425528,5.33086786836078,NA,4.27801106143582,5.36672966994132,5.50880529082455,5.29368110320848,4.72895407200844,5.65790330554571,5.38417800266953,4.43887944626666,5.20387363635424,5.33785702914952,5.21471721672048,4.63864075822997,NA,5.82939568011726,5.10300841473702,NA,5.57122869137363,NA,5.53945102349945,NA,4.34897880018646,NA,4.92005391586502,NA,4.96457852376754,NA,4.2395986415416,4.86444022157187,4.16821441078856,NA,NA,4.4573659912197,NA,NA,NA,NA,4.18783490530944,NA,NA,NA,NA,4.40146154731249,NA,6.05338224033435,NA,5.58366102102764,3.88300605635765,4.62153554007436,4.3138816179422,NA
"34",2004 Q2,5.54665806899881,5.12940993380353,5.36657127964822,NA,4.26028692911473,5.37924673264734,5.51896952339068,5.32990052267136,4.7291577776904,5.70750633508286,5.40837095407919,4.48164569970259,5.19898023513146,5.36029220359151,5.24513764363803,4.63304197692266,NA,5.82842264854272,5.1154731466172,NA,5.57340671685346,NA,5.57202113515789,NA,4.39581432516711,NA,4.91316945920277,NA,4.96329363329267,NA,4.23627805811077,4.86556033913194,4.19705156041436,NA,NA,4.48401898442394,NA,NA,NA,NA,4.12600471494997,NA,NA,NA,NA,4.4062313233707,3.93866493637457,6.11440772379172,NA,5.5975629097487,3.89630004496291,4.61462534475885,4.31615389052317,NA
"35",2004 Q3,5.54294378462481,5.10371913989167,5.40190667258987,NA,4.24474116101046,5.39409941093931,5.52135506934517,5.35445833464211,4.74301562437832,5.75033204493465,5.44012452840234,4.48175884107286,5.23058267446289,5.35955550402272,5.29091986390848,4.62681092853124,NA,5.86941534038476,5.13703558979741,NA,5.58759236032442,NA,5.59367685611955,NA,4.40585601598174,NA,4.91147772256304,NA,4.96084375768376,NA,4.23656724261249,4.86364347196291,4.17914516391457,NA,NA,4.52265776441363,NA,NA,NA,NA,4.24147062711239,NA,NA,NA,NA,4.39642251495761,3.96328629936569,6.17489020712004,NA,5.59883041683701,3.89934295227077,4.63142255713216,4.27304847210414,NA
"36",2004 Q4,5.55240893903026,5.13692489908503,5.42129595310143,NA,4.22787438895142,5.41736934587916,5.5277852530697,5.36206263527959,4.73045392299905,5.75008862955731,5.4705757999683,4.495578509358,5.24883601807188,5.36188755910083,5.30979952544206,4.62108918811097,NA,5.91486685096393,5.15015404802899,NA,5.588452455763,NA,5.60893273862412,NA,4.46945265624164,NA,4.9004483350615,NA,4.95600042761804,NA,4.24448722065182,4.88968746722541,4.24835237470145,NA,NA,4.57357631439691,NA,NA,NA,NA,4.35683702360022,NA,NA,NA,NA,4.37159743918334,3.97724879034585,6.24780563168432,NA,5.60272305780743,3.90439397826365,4.66060489287619,4.20334843279473,NA
"37",2005 Q1,5.54368112704557,5.16580984891406,5.46237180940104,NA,4.22249777313642,5.4577691878759,5.56872432244533,5.37107929850877,4.73571414850508,5.72756452353249,5.50501436599931,4.49211346369579,5.28644487636518,5.38246610066742,5.33872674689692,4.61693020562696,NA,5.91268086987513,5.16396959675062,NA,5.59291055348467,NA,5.65343178345209,NA,4.54490308404557,NA,4.88340779961187,NA,4.9589407418882,NA,4.25674681824712,4.91351216233222,4.20454335452018,4.52189726679427,4.60676890735179,4.55440306893444,NA,4.62467865237613,NA,NA,4.55313977789371,NA,NA,NA,NA,4.37500201973692,4.01584233406714,6.31673978459273,NA,5.61912421524031,3.90479696033641,4.64275494631536,4.28634138453947,NA
"38",2005 Q2,5.5445579214699,5.18309344798347,5.50163824927124,NA,4.20977753366324,5.47435093337091,5.58543181772689,5.39943718020267,4.73001879822888,5.74631398151489,5.530518389008,4.49803031043019,5.29783076228791,5.40711012092383,5.37145446379176,4.60772114650932,NA,5.92120121630289,5.1753925211432,NA,5.5967204045676,NA,5.67055381281427,4.47471975660403,4.59150080959119,NA,4.87534998330373,NA,4.96689296815868,NA,4.25901118377733,4.9043079300326,4.2348308798553,4.54955176222508,4.64044080007001,4.59056403359873,NA,4.73056859538243,NA,NA,4.50689561671975,NA,NA,NA,NA,4.38626762893114,4.01349597435878,6.35082671605524,NA,5.64642854688734,3.90660837272665,4.63531134290008,4.16573455830877,NA
"39",2005 Q3,5.53353322623701,5.19443532915591,5.57358715645154,NA,4.19989272931976,5.49072154472673,5.59247514093748,5.43750018734188,4.74642023578498,5.7654421656444,5.55237292693114,4.49658224557119,5.32336430998409,5.42687379379889,5.41389241555172,4.59931303364208,NA,5.95114346811721,5.18872390435034,NA,5.60766145447493,NA,5.68591758201272,4.49233737771375,4.5757973428675,NA,4.86391251454216,NA,4.95386213983438,NA,4.26380600328645,4.89553984230719,4.24147062711239,4.56715674378987,4.66983369931381,4.60836507688461,NA,4.77136236085216,NA,NA,4.58506951428109,NA,NA,NA,NA,4.38477286034191,4.04076796131871,6.38233913680404,NA,5.63798084353715,3.92038792175977,4.63821804003429,4.16044436392662,NA
"40",2005 Q4,5.54798066421389,5.21161551927322,5.63419302599491,NA,4.19182472684564,5.5218028274111,5.58643043608918,5.45800178712585,4.73776118849225,5.76197337843535,5.57607230611888,4.51622967669144,5.34394492147498,5.44391849599513,5.43054100953344,4.59732899731682,NA,5.98788877930725,5.19426987399786,NA,5.60957048256985,NA,5.69384318873455,4.49847544731713,4.53475522478711,NA,4.78457081435438,5.00849145395936,4.94948122257253,NA,4.27221176866667,4.90075543813316,4.24592050167689,4.55440306893444,4.66145599699868,4.64333264708244,NA,4.8895969657192,NA,NA,4.82422539139369,NA,NA,NA,NA,4.38564508019659,4.08227198098783,6.42486379880624,NA,5.67246719544885,3.92828997789202,4.63686263272058,4.24405683545043,NA
"41",2006 Q1,5.55048697849466,5.24403871036596,5.69949682522091,NA,4.18472398098237,5.54071933375428,5.64448254500551,5.49559765785274,4.74695504280086,5.76954824709114,5.58682365810303,4.52580225060452,5.3603291235435,5.44799236698512,5.4501770160608,4.58323959014385,4.71858815302365,6.00152993366608,5.20003731614575,NA,5.62229082748279,NA,5.72981475855978,4.48413185761104,4.546644582833,NA,4.78732506222495,5.00836467569683,4.94547799293232,NA,4.28977427496879,4.90650433774563,4.27430221608671,4.56069569588626,4.67002115830771,4.66701758931417,NA,5.00226704442574,NA,5.00522066139476,4.86591775969967,NA,NA,4.41182812591067,NA,4.39321382406445,4.18479446514417,6.45058765559295,NA,5.67841157825314,3.94061046228006,4.60186472897936,4.2372898382072,NA
"42",2006 Q2,5.569748853793,5.28783630818824,5.74641375418501,NA,4.1748264859292,5.53445306772006,5.68020658781769,5.51185388489909,4.73802223958737,5.79339153802313,5.56687691321046,4.52450228292064,5.37871796294929,5.45631637384778,5.47029308975097,4.5934353117994,4.7275647942017,6.02144789406323,5.21151141686229,NA,5.62504285168299,NA,5.74994459221797,4.50854914738367,4.55733203044466,NA,4.78415284151653,5.025052364085,4.94007710516982,NA,4.30635975574847,4.89402635786024,4.29415124817187,4.58843086198379,4.67581502555742,4.67198735902541,NA,5.0833279794897,NA,5.08537164021027,4.86275381061584,NA,NA,4.44394453748887,NA,4.36348071738678,4.25844557290253,6.47056842387199,NA,5.71787867981381,3.96499489019425,4.58934563564112,4.18935166580044,NA
"43",2006 Q3,5.57849840807264,5.32625263598474,5.76570454447849,NA,4.16656786647645,5.55048475506974,5.71166126064554,5.53722772549605,4.74871912905253,5.8175700613581,5.55378436552139,4.53012331166518,5.40281063230655,5.46642685704601,5.50061372860822,4.59843305910713,4.74987640698735,6.06799784211388,5.22412106880801,NA,5.63563414205295,NA,5.78503332486782,4.52774903901951,4.54616106394434,NA,4.77803045899253,5.02881613964852,4.93931068396287,NA,4.32941668440158,4.88414987878047,4.33191685018843,4.58751525074937,4.73611072524869,4.70238763670345,NA,5.13750286603851,NA,5.17184670249409,4.95201699160784,NA,NA,4.46671239284052,NA,4.36144120106477,4.38265143944272,6.48330696346695,NA,5.74388669962868,3.99654796049783,4.60497016598542,4.10231273187128,NA
"44",2006 Q4,5.59735052536778,5.34545586752458,5.75446792236162,NA,4.16701083208719,5.58715454383758,5.71585208150559,5.53798541670178,4.75137814710975,5.82881824084711,5.55970837195925,4.52569398448629,5.41182675845547,5.47682300180712,5.50994036126329,4.58747911034404,4.77643079542262,6.08143163138943,5.23081877554136,NA,5.64480070958138,NA,5.80437825550811,4.52720864451838,4.54826110920489,NA,4.765586907394,5.0762006137158,4.96515102332419,NA,4.36322600521016,4.89374762268668,4.34665849083609,4.572543683161,4.76285746182369,4.76328442908178,NA,5.23223098142018,NA,5.23978742435763,5.04109983490008,NA,NA,4.51797697428571,NA,4.34808197862094,4.4972508437686,6.50613189416157,NA,5.75150050254059,4.02535169073515,4.60206537103461,4.16371514014677,NA
"45",2007 Q1,5.60608499959497,5.36758595871795,5.75287075703762,NA,4.17021085709917,5.62294788138094,5.78697155625556,5.57493024053436,4.77002182911837,5.84164443130422,5.53839405280314,4.54934030102742,5.4293649926767,5.48571983497309,5.5159483922559,4.57386241012715,4.77533481251141,6.08853909283877,5.23983439278195,4.57872353597311,5.65318270630739,NA,5.82920087273994,4.50876941170174,4.58400320679663,NA,4.74362692913511,5.10149250884237,4.96675679830827,NA,4.41992435767689,4.88572260229809,4.38576962095272,4.58680252862991,4.82269799851667,4.78340004987879,NA,5.24681352368092,4.78932339761102,5.33450463730975,5.07417331490024,NA,NA,4.58190155904874,4.70202462735197,4.34523297384487,4.59895088617417,6.52734112266849,NA,5.76782275226182,4.05265413516789,4.64976106931597,4.12648901554867,NA
"46",2007 Q2,5.63721272446676,5.39766693779417,5.75728489300578,NA,4.16401945683079,5.64074014185595,5.81863603013524,5.62350946378841,4.75438573560548,5.86975583424828,5.4900858945819,4.55786891287008,5.44347279741443,5.49014911257005,5.52277063486422,4.56479190598516,4.76771411517337,6.07374336076028,5.2448820040109,4.57440165231646,5.64935512660067,NA,5.83597112004516,4.5302310993236,4.61673913406508,NA,4.74693013102592,5.09529958964149,4.96846163138289,NA,4.48525988931553,4.87705749058898,4.41134268900793,4.62996035479531,4.86953245311826,4.80811102998478,NA,5.28978103552575,4.7935566473443,5.33696099014024,5.09748554699499,NA,NA,4.64602417999636,4.69692861122763,4.34497357047117,4.6116491520858,6.55319782503437,NA,5.80310278070916,4.08631239052484,4.64150211523548,4.18067515197312,NA
"47",2007 Q3,5.66544363467836,5.41969389972319,5.76299316184735,5.003140612334,4.1605697526502,5.64027510441782,5.81841512763352,5.65682334833162,4.76349853280444,5.89810979319794,5.45590981223834,4.56236706366278,5.45902933969822,5.49756606140995,5.54338622853916,4.56578482082878,4.78356738588989,6.06289340438775,5.25274882412327,4.61422903047644,5.67273668440276,NA,5.84985701997315,4.53592728324593,4.64527091912202,NA,4.73347544614102,5.09437988810535,4.97367158992593,NA,4.54276272585947,4.89350558054119,4.41715243664926,4.62467865237613,4.89716793250747,4.82470724170819,NA,5.23984043678906,4.82591085268599,5.38490782162913,5.14394166140448,NA,NA,4.72446319217607,4.72019386255687,4.35529757493186,4.62917963844844,6.55967773874503,NA,5.8465566012467,4.12357968749044,4.6188758330442,4.19237830249347,NA
"48",2007 Q4,5.69361257087622,5.41999205154854,5.73298633636843,5.00441599428234,4.15415482709549,5.62955826691399,5.7753330162931,5.61066734399329,4.75808182370927,5.88655506622176,5.4161158830159,4.53431844501614,5.45033551295892,5.48992249868112,5.54071601670533,4.55922574840908,4.76464950053341,6.04811273862909,5.25096115553372,4.5948167739086,5.67761634660701,NA,5.82099098029925,4.54870564900696,4.70751762916117,NA,4.71778433035723,5.0943484610575,4.97173713335493,NA,4.59279391492004,4.87827543693331,4.45782959808938,4.60557010600942,4.9427132776108,4.79570789755339,NA,5.19600774772347,4.81648404154872,5.31998100618406,5.12847758725614,NA,NA,4.78657465571956,4.74649612207853,4.33794412210369,4.64342889810518,6.53887251736459,NA,5.86507115956424,4.16137996355826,4.59025957325234,4.28331066173472,NA
"49",2008 Q1,5.68464949238893,5.42827164100431,5.70556736734722,4.99029652310073,4.15286096857616,5.61682159638984,5.78808592947222,5.61169641364869,4.76219159213416,5.85496099987693,5.36278249527823,4.53399636653357,5.44386016797553,5.48085206537973,5.52685160095676,4.57339877128129,4.76217393479776,6.01775637325942,5.24639564485134,4.58292457704077,5.66994694408068,4.6385082455986,5.81437072027178,4.52135369989498,4.79770532647574,NA,4.69217322960966,5.09070155626702,4.98380826822831,4.68009211250535,4.61660456361375,4.78095856240713,4.48593609806439,4.59975555328659,4.97237944864172,4.76635322357948,4.65795237142706,5.12948442793464,4.77979553614758,5.3369128843074,5.12800342887836,NA,NA,4.83039157709727,4.74987640698735,4.35426995762884,4.69902476145972,6.4991222065584,NA,5.85794691745535,4.19629928474509,4.56570144207772,4.23193022517466,NA
"50",2008 Q2,5.66150590184655,5.41868994118391,5.69605267972053,4.91939681366198,4.13784143051232,5.55576839233107,5.79798686668852,5.61471297734892,4.76221773768243,5.82883355537961,5.29240868767858,4.51261620437748,5.44064673397376,5.47728376912679,5.51597476440048,4.57494395583527,4.73847655329632,5.97252786634817,5.24502277839162,4.59421034575175,5.65722610804169,4.62428630318032,5.78823488738423,4.53109298259178,4.78905021248131,NA,4.66898969870105,5.09099207111395,4.96234705237059,4.69747585677212,4.59623034441862,4.77834687841551,4.51019994839686,4.61620903310331,5.00930107108312,4.75281402790065,4.69088906139063,5.07692228576794,4.77440650323339,5.28071332059968,5.13261691077032,NA,NA,4.85351353832404,4.72161899863134,4.35888594223224,4.70835834378426,6.44549409848345,NA,5.89600129700491,4.23149440036933,4.56424401937545,4.31240856779301,NA
"51",2008 Q3,5.62709644701594,5.39323711267114,5.66706395300946,4.88272616214086,4.12184260754948,5.5212865674846,5.75118166543146,5.60054622781326,4.77461180095666,5.77630492315777,5.23370578553627,4.52861306326594,5.44656704077601,5.4563812374531,5.51726304482111,4.56387099360889,4.75290029801243,5.93825425257305,5.23957190360366,4.58710804316968,5.66577172059346,4.59885025724327,5.77244550434438,4.53828224044646,4.76889454060281,NA,4.63297988662736,5.08971244848755,4.94135557864284,4.67058332453632,4.55881206200994,4.82582811545432,4.50987000613377,4.61274145148441,5.01952896126638,4.76294286986063,4.69866052907543,5.05974286820328,4.77558783827922,5.19971176279391,5.10096338692012,NA,NA,4.79744207363521,4.73523307028626,4.38589414620037,4.72862598991501,6.39194926387022,NA,5.92873858625204,4.26969744969996,4.5047972118413,4.45330023664996,4.49691660054784
"52",2008 Q4,5.61660751376804,5.37758273380898,5.58663902233896,4.81939407512765,4.11817016284393,5.50257367587064,5.66879606033135,5.54828422876555,4.7829644263263,5.70668726922445,5.21011472556962,4.54382655574704,5.44849818454811,5.4124589071959,5.48761632608592,4.57657922384881,4.74197122748024,5.89444197846821,5.22860230429364,4.59623034441862,5.6487069079139,4.58710804316968,5.74307555999381,4.54159120434522,4.63736454984091,NA,4.6243844049119,5.08897621639633,4.93860646496409,4.67320259637992,4.48886106358771,4.88863748450769,4.5176495884586,4.59864896899783,4.96494033483413,4.74031277993038,4.69902476145972,4.89798904254502,4.75780543241169,5.01090192521369,5.01389663679863,NA,NA,4.74935710630059,4.71186980464715,4.39506624818168,4.69427936105987,6.38644971061687,NA,5.93288853674501,4.3138816179422,4.491777498633,4.51972122415561,4.53721249280486
"53",2009 Q1,5.61321877639272,5.34754389244385,5.51851833929827,4.71501065166762,4.11131908652699,5.49201179163278,5.7104274391599,5.58833208539718,4.81523519502235,5.657737070971,5.18509694119076,4.56736447125219,5.43751667625625,5.40849012539665,5.45379595095354,4.57426787951296,4.71330684459267,5.85244745724746,5.23406675074874,4.5790315283784,5.6337890449424,4.60547014099709,5.73265426184123,4.52558570664525,4.63475020347125,4.48751214251986,4.62742079492291,5.0677845013092,4.9529991803341,4.65795237142706,4.34691745756031,4.87569999554119,4.53378158990044,4.60216567696779,4.83834327293948,4.72393052170893,4.6644762918855,4.66861435854463,4.7410114088995,4.78715835388081,4.76285746182369,NA,4.77920752319435,4.68092679838734,4.65195834748685,4.42028534679097,4.6710515551016,6.36899960812815,NA,5.92477500662381,4.35747776175247,4.46372182240372,4.50214028566855,4.56777979676953
"54",2009 Q2,5.64963372039086,5.35281155120126,5.52301032625198,4.69583322088533,4.09608281061003,5.50564289643125,5.75174977740837,5.61523510977987,4.82178537103532,5.66024585447716,5.17389873329352,4.56559741086827,5.42952346494486,5.4383767444482,5.43457681454965,4.55919620557296,4.70682383971459,5.79479648055715,5.22790129971646,4.57563838338205,5.59360993399474,4.60816569496789,5.7160768250228,4.54180431036627,4.71672325257925,4.51972122415561,4.63463189613771,5.0582801940914,4.97437345503465,4.64813388542021,4.30797635316372,4.86675177604512,4.54308199367467,4.60796627329009,4.7345303912938,4.6787923258587,4.63151996131087,4.60786654753583,4.68536672798237,4.68536672798237,4.71043069664558,NA,4.72552768265183,4.63472898822964,4.61581334608657,4.44500143383527,4.59562477314456,6.34274663733327,NA,5.9371645749331,4.40280917385641,4.52276635973328,4.47631356386309,4.56559741086827
"55",2009 Q3,5.68125727378451,5.38005116351328,5.53055028668732,4.65804722558886,4.1137289218158,5.51518189890033,5.7699193411383,5.64382541502978,4.83851959854584,5.69162543316462,5.17149730419204,4.55975432245761,5.45363053680306,5.46839593247678,5.45091024844598,4.55717447320595,4.6936388339757,5.76241721274933,5.2270022529217,4.56351451071926,5.59382391844949,4.61541750243964,5.71117439836648,4.56278446949165,4.80970932248616,4.5342110970476,4.62644232126363,5.06147990773633,4.98399104625799,4.62810515727059,4.44570541133706,4.87831763288756,4.56507709242165,4.6147243987929,4.69701983961797,4.66870820679208,4.6290820060344,4.5224405383891,4.65386510752685,4.68803966381039,4.67320259637992,NA,4.72108481058445,4.67916386589642,4.60296776243289,4.48006037494525,4.55744944977668,6.3297594010431,NA,5.95226462205679,4.45330023664996,4.58169682980245,4.56163618396436,4.56995743023235
"56",2009 Q4,5.72978421310592,5.40334517365223,5.52458315459824,4.64995232875998,4.1101045854711,5.53597955740131,5.76437954141577,5.66410538340976,4.84823141318435,5.70394144707516,5.17297803688369,4.55975432245761,5.44213935812299,5.49090857258075,5.45118730944024,4.56053507474778,4.68185341075905,5.74377640391887,5.21945544702894,4.58128724552476,5.59025312343578,4.61670342180176,5.69692376082476,4.57831273181821,4.82865666101833,4.55018587765533,4.62163391201876,5.07174857246505,4.99002390054829,4.61184784074133,4.51327417128355,4.89440232788546,4.56892105331297,4.60606978123093,4.66692358226357,4.65023914935567,4.62428630318032,4.50920979484218,4.62546288925585,4.67488279839939,4.62771415042299,NA,4.7434527737881,4.62624651159001,4.61601120916597,4.52753291626094,4.54041830875839,6.34046709667666,NA,5.96612759631789,4.50346963116175,4.61373341664858,4.52352619694758,4.58016002298392
"57",2010 Q1,5.75105658886569,5.42956605169372,5.520473955089,4.5973396068729,4.12392757136102,5.53314869062857,5.78281740775802,5.68046916080919,4.85803831718146,5.69977173403758,5.16900748009699,4.60796627329009,5.44251732957306,5.50668115929964,5.45312416221334,4.5490951394946,4.66560655479192,5.71487903523732,5.20000862443951,4.61749393567692,5.58312990856431,4.62192896980305,5.69152025149495,4.58995502018161,4.87861566424992,4.56674115936831,4.61660456361375,5.06478160567495,4.99013890998544,4.60156369039398,4.56174062806076,4.86496042788273,4.59421034575175,4.58333349137892,4.63044799317236,4.62565885241541,4.6097596383219,4.60966009126094,4.63103284551382,4.59380585590904,4.59673470716699,4.60577000606006,4.66579480780453,4.61749393567692,4.62163391201876,4.57233702889285,4.62192896980305,6.35165719921038,4.59005654817804,5.96270967055667,4.54254982400642,4.56069569588626,4.56912841464083,4.59532184993328
"58",2010 Q2,5.76413684379379,5.43913442803217,5.53260874496274,4.60966009126094,4.12456449008647,5.52023351587628,5.8138707617255,5.68754270737615,4.85983776530122,5.70502729501144,5.15781558428837,4.60005713660127,5.44181966020928,5.50759824258404,5.46523425769839,4.55617714951034,4.60846475293752,5.67262850865644,5.20315417747915,4.59167959580559,5.57025407166413,4.61234438973609,5.69066188518909,4.61383255906674,4.9129594461336,4.59633123732089,4.62025582340613,5.06327072496175,5.02085511153906,4.60186472897936,4.60146332405677,4.86238962606326,4.59975555328659,4.61154979295213,4.61403081442029,4.60216567696779,4.60537016599076,4.6022659728407,4.60836507688461,4.58476337621043,4.61105284914625,4.60796627329009,4.64304383841617,4.6065692069018,4.60537016599076,4.59441252933513,4.61075456428199,6.35117535332603,4.5973396068729,5.99378690419384,4.58241319886548,4.61234438973609,4.59491780952374,4.60276730137178
"59",2010 Q3,5.74431403561368,5.42335606378284,5.53813198820187,4.60497016598542,4.13608818471568,5.50325743525236,5.81593612168773,5.70254541070378,4.88082240870071,5.71645235730638,5.13772155978674,4.60276730137178,5.45758075840986,5.51962743958226,5.49443834736453,4.56216139674857,4.58639503066176,5.6376110686516,5.20624608300889,4.60246653441378,5.57423820282314,4.60186472897936,5.67466707564849,4.61214579972452,4.98616790087917,4.63976483075259,4.59552380893629,5.05491022709272,5.02999206218616,4.60926180389134,4.61838251746023,4.88347049069054,4.58771879237434,4.62448249702046,4.60266705576997,4.59723881566181,4.60156369039398,4.62976523284347,4.60266705576997,4.60906260070344,4.60196505503914,4.60876372149822,4.57481406597319,4.59905150497991,4.59592760462116,4.61373341664858,4.60025814162707,6.34189333900105,4.62025582340613,6.01574962131158,4.62996035479531,4.61650569565184,4.61095343074382,4.62153554007436
"60",2010 Q4,5.74598477711515,5.41210511122544,5.52471247773788,4.60846475293752,4.13268198282165,5.47963694149482,5.80486600253161,5.70436325493087,4.8911632406522,5.68458180444403,5.12506497583721,4.60985917547422,5.45763240937371,5.50728014701761,5.50236522563349,4.56280574118821,4.55985896327809,5.59110303373607,5.20444702926653,4.60906260070344,5.56440205616398,4.58455923208397,5.65748883724655,4.60457000591606,5.00171960965766,4.61462534475885,4.58904080405821,5.05642960639768,5.04599196701803,4.60786654753583,4.63628118101314,4.88290656622778,4.63802452285904,4.60086091439999,4.57357631439691,4.59552380893629,4.60396946541157,4.57872353597311,4.57851815499066,4.63210418722817,4.61075456428199,4.59824627091527,4.53624874052167,4.5975411588236,4.59784341060163,4.63792775022626,4.58832916879206,6.34229248410504,4.6125429403175,6.0286789115523,4.65956366981842,4.62898436408735,4.64371759560033,4.60045910625797
"61",2011 Q1,5.72291569430232,5.42186589034238,5.5027539763876,4.61135104506317,4.13744476009004,5.47780279205207,5.85018701982985,5.70214585783902,4.89823559667755,5.65179470964305,5.103439000989,4.62458057950791,5.45043526237894,5.50677612190483,5.50134554440499,4.55948428494889,4.5641398364301,5.53664478632318,5.18963459634338,4.59360354961663,5.55981088474639,4.56372299607392,5.62104014174515,4.59774267015929,5.05956567900375,4.65243537845521,4.59441252933513,5.05503208211733,5.05311996118346,4.59744038792615,4.64005458784159,4.88948275079124,4.60527018098843,4.59198362418392,4.53130833738964,4.57367951889672,4.59441252933513,4.62124036616559,4.55776406359082,4.65719321405524,4.63966822639566,4.57851815499066,4.47506150064107,4.574298522321,4.64496765586216,4.6658889210228,4.28565339001629,6.33560723019369,4.62878905158673,6.06394235867797,4.68055591289398,4.60276730137178,4.64880422300815,4.54817646446797
"62",2011 Q2,5.70696201890955,5.43251102108718,5.5125553460471,4.6125429403175,4.13036383751761,5.47605383433892,5.87059247270465,5.696824762084,4.90043031725562,5.64393643697173,5.08264856829326,4.58190155904874,5.4485801558213,5.51651000833624,5.51046476902402,4.55718453616326,4.52146243691461,5.47048893138458,5.2002355656133,4.60426978074493,5.53182990822662,4.52828914165213,5.59192485004268,4.5999566189352,5.10096874604292,4.71034068359363,4.60746754503677,5.07084024168581,5.07194353621871,4.61154979295213,4.65214918718209,4.89090112544852,4.64688777933996,4.60477010596675,4.50667493923899,4.57995493684703,4.59319881420687,4.63550538578416,4.53431844501614,4.65434122999454,4.62536489327361,4.5709927341865,4.44276889662927,4.54912879510447,4.61996027146073,4.67683947267845,4.28165366052709,6.33067008480699,4.64063385026366,6.08556456053072,4.70211539204457,4.62624651159001,4.74866428562682,4.48525988931553
"63",2011 Q3,5.68312673604886,5.43855297960334,5.48040610875671,4.61818512306559,4.13702581322399,5.48445368671866,5.88097952266631,5.69310975257138,4.91589770904264,5.649535805816,5.08315988761011,4.62605066356745,5.4634133733577,5.51017746806248,5.53163921790906,4.56497538562492,4.5143698216616,5.40747589745797,5.19109461008529,4.60396946541157,5.52281893278382,4.51447932070359,5.56036915845015,4.59147685885609,5.10723094485757,4.72259760286406,4.59441252933513,5.07469076717333,5.09048168208734,4.61611012602643,4.64592817846026,4.86486139170398,4.67067698819021,4.63005790149587,4.5071162455127,4.5933000134176,4.58588542457622,4.64439089914137,4.52558570664525,4.68702663245792,4.62389379998619,4.56351451071926,4.39568296112137,4.55282370561588,4.60416968565451,4.67656018207476,4.2901854310083,6.32438367197368,4.6572881402502,6.09738014683058,4.72942114832595,4.63005790149587,4.75203726179764,4.4444144071087
"64",2011 Q4,5.67511124652238,5.43445983320863,5.44132198938427,4.6348260708956,4.12577107862878,5.48919234256294,5.87295275570788,5.66528313931584,4.94093219725764,5.6264154080973,5.08493731903331,4.62487476926243,5.45593989194076,5.49813368811781,5.5145679722843,4.56236830624694,4.46383700987145,5.34536127266612,5.17697751224387,4.6283983121073,5.50459257912521,4.46820433091493,5.49399464688077,4.58231089184201,5.06113960181701,4.75874927391639,4.5980448610455,5.08550792617011,5.12075809352285,4.62820288509866,4.63957161270542,4.86673314102844,4.66786325532652,4.62369749060197,4.48300255201388,4.59056403359873,4.57223368574183,4.64995232875998,4.5088795256698,4.6469836888015,4.62585477718092,4.54542018158232,4.35259782398307,4.53033887536509,4.58700621536042,4.66560655479192,4.30555047596327,6.32402292625226,4.62976523284347,6.11458055433846,4.74536681648137,4.64073036138664,4.76405251104828,4.42196824176683
"65",2012 Q1,5.68012793752012,5.44361226821112,5.42825910653884,4.61986173473108,4.12933923275052,5.49354321534248,5.90311692629321,5.68142845174205,4.96045088005049,5.61295026433187,5.08778042078097,4.70084393605637,5.44954798848154,5.5032500429621,5.49574076157831,4.56361417215485,4.43260092063681,5.29742469900756,5.16354826497712,4.60956053428938,5.47979381266333,4.44500143383527,5.44870672182012,4.5621582953948,5.06483586096202,4.80966084880309,4.59370470787881,5.08165136016679,5.14999109513273,4.6644762918855,4.62624651159001,4.87579606155999,4.68009211250535,4.61353510231972,4.47346569499066,4.58220857435074,4.54276272585947,4.64842122798241,4.48661184986396,4.64909137304602,4.61353510231972,4.51513606328411,4.37008056365548,4.50534985070588,4.54679927266176,4.66983369931381,4.36513476700366,6.32322212928197,4.64121277733502,6.16332740041603,4.75694662095388,4.6016640466588,4.81047557917242,4.43414458893599
"66",2012 Q2,5.67912706343432,5.46059338632134,5.43616772699203,4.63035048451839,4.11791779146413,5.50577928746131,5.93302714697625,5.68718010966402,4.94582713357326,5.62315958383245,5.10367211915152,4.70420070945105,5.44736003024393,5.50524585625689,5.48876453678818,4.57248725061705,4.3916056094542,5.26480150986067,5.14615999365768,4.61907309115708,5.45156060457433,4.41425178196862,5.39857982144744,4.56038200319796,5.14480946571924,4.84410834320094,4.60086091439999,5.08245086652088,5.18121414933786,4.66701758931417,4.62005879848184,4.86972297762106,4.71321709007123,4.62927726133132,4.47471975660403,4.53988471928946,4.5399914599631,4.67020858216731,4.43686987055639,4.65157655880225,4.58914242491089,4.4962477787639,4.35773394210484,4.48942257744378,4.53678427312163,4.67236143552841,4.37801861327634,6.32057967963416,4.6581420707542,6.21761126643251,4.76915803609354,4.63443768366866,4.94349784310876,4.41437281071309
"67",2012 Q3,5.66328544143536,5.46223462352992,5.43791616548261,4.63976483075259,4.12649871156974,5.52338202056742,5.94575683182379,5.69856292732753,4.96933727703453,5.63161605972111,5.12135151246715,4.71545853988221,5.45494799763792,5.50408700580316,5.49613882860849,4.57083248756139,4.36653221371523,5.27506270773293,5.12262871538816,4.62045280951925,5.40678380437921,4.40598727211873,5.35756530773754,4.56080023825215,5.20998816295963,4.85546186922131,4.59643212004481,5.07718243755053,5.20117095805467,4.66173953747599,4.61699993774167,4.87111635297439,4.72366408003588,4.62242053939462,4.45852460564661,4.53281452379595,4.53785447870322,4.68803966381039,4.4274778975778,4.68268662841592,4.59562477314456,4.48694955460066,4.30703365563245,4.49312068217947,4.51447932070359,4.68435098386253,4.38327585407431,6.32545838943305,4.68822374112338,6.25488539045864,4.78172514788771,4.65890050840906,4.90245599458257,4.38027510163508
"68",2012 Q4,5.68304241392722,5.45646380879357,5.43298503373765,4.63744374653839,4.12382608115198,5.54613227405166,5.92730205575598,5.70161089464606,4.98149697614625,5.61022289466365,5.14201225228062,4.70610090456653,5.44309995922533,5.50309714978016,5.47944434133033,4.57485916867535,4.31588683216934,5.28525893897376,5.1019780156998,4.64073036138664,5.40514343362859,4.40769438142246,5.32718822295261,4.55660999537271,5.23971483149542,4.91228717107848,4.62565885241541,5.07138776911982,5.24146229635835,4.67562864963665,4.62790967295758,4.90658740624014,4.74640929768082,4.61204648992752,4.42879093864977,4.48503438474811,4.5364629879783,4.67011487462847,4.40342113152804,4.69033819835797,4.58547755264236,4.47072408943517,4.29496980210571,4.4671716878308,4.46912134152481,4.71724808939344,4.39814601655377,6.32528839878794,4.67329601503569,6.24738351312663,4.78690823924363,4.68730301552661,4.90260454988255,4.31267655653909
"69",2013 Q1,5.68594022222174,5.45850331523974,5.44319764882938,4.62222394055392,4.13124530194235,5.55910670581365,5.95165843776882,5.72326547460411,4.99599654824446,5.59933191999773,5.16119595049991,4.72419689240973,5.44741515556818,5.50571146628233,5.46597125405446,4.57947702162104,4.31039635972255,5.25498320906075,5.07054644169704,4.64111631276156,5.37088111746803,4.39654572077308,5.28570816964572,4.55660999537271,5.27710002352233,4.94014129648304,4.65424602363468,5.06166818326864,5.23955280052314,4.70664315491873,4.62173227428707,4.91237076816581,4.77727304258771,4.60606978123093,4.41546141076012,4.48096658252878,4.52157116211178,4.68822374112338,4.39753082120985,4.69226489283902,4.59107126160859,4.44159187201127,4.30838009450558,4.48401898442394,4.47972033527068,4.74849100543231,4.37222879219377,6.32579889316322,4.68287169365194,6.24522299670806,4.78790832266726,4.67693255221498,4.96235499992102,4.26493086279763
"70",2013 Q2,5.70694683095072,5.4769768081745,5.47487314225525,4.64525590952738,4.13773287140561,5.58539675729614,5.96956101436858,5.73672265619307,5.00046040380687,5.61241542670859,5.18227907624307,4.73145035189842,5.44688218680075,5.50331166651505,5.45862547306972,4.5874201747173,4.26885793656824,5.25056472493234,5.06538303654506,4.64659999575123,5.34060395030046,4.38252650971553,5.26935039596273,4.58812575137883,5.28144729889048,4.92942523867071,4.66579480780453,5.06229063783599,5.27204026437805,4.73698761060828,4.64439089914137,4.93228200857771,4.79023796845007,4.62428630318032,4.43057867525605,4.46843366241462,4.52591050500246,4.7155480934577,4.39592953984287,4.72827238312207,4.60035862899087,4.43521188817754,4.29878088607061,4.48480882931691,4.47414992354969,4.74996293088963,4.35709336812867,6.32529042279091,4.70610090456653,6.282692183675,4.79545991243122,4.69116437915495,5.0434896309672,4.23714536085377
"71",2013 Q3,5.7196422153735,5.48227166880653,5.47655590001219,4.658805735154,4.14243034159932,5.60761694910136,5.94708167317683,5.75475838312618,5.00971685278935,5.63320979953633,5.2025371498167,4.74327858810572,5.45674783855297,5.5017564689738,5.46676462175963,4.58996786981908,4.26955757977876,5.30593611681205,5.04635078428827,4.65890050840906,5.3416739976394,4.39234818374575,5.27916029291861,4.60557010600942,5.30731389434265,4.92985898406897,4.64592817846026,5.0574895691212,5.30423369642916,4.76234486036009,4.63705637485041,4.95562980271496,4.79405350061719,4.63151996131087,4.43319492124828,4.47665476375266,4.52753291626094,4.765586907394,4.39986655280221,4.74606192468557,4.5876170267405,4.4333136790419,4.28027072571949,4.48300255201388,4.41364641842934,4.75900653070296,4.34678798258117,6.3269940111353,4.72800709594715,6.32874075690895,4.80982384798846,4.71680100215928,5.05113723740559,4.24963744662814
"72",2013 Q4,5.75091526494892,5.48815017922676,5.46051560636689,4.68314922730468,4.13695042920084,5.6178830944167,5.91472110004219,5.76871590087447,5.01666889202253,5.63256315166798,5.2254980105254,4.73074500889616,5.44638120751104,5.49231602967258,5.45654624314228,4.58476669349317,4.23671180350902,5.33781610177195,5.03621350848405,4.66927111139461,5.34446693220387,4.41449382481138,5.26094359018184,4.61492247743077,5.27952863388799,4.92602104170635,4.65747796561144,5.06186575694834,5.3015820660994,4.78440364618281,4.6191717056239,4.93850573014991,4.7919816480549,4.61601120916597,4.4317687265687,4.46544824281295,4.52601874768265,4.80016114588271,4.38887810962298,4.77212426565092,4.61105284914625,4.43319492124828,4.27652722048121,4.48401898442394,4.41352530173325,4.7738153119658,4.33781347999756,6.3406355939624,4.73250743444929,6.33487798606614,4.8136467002589,4.73646157166927,5.01747849257825,4.27290907013834
"73",2014 Q1,5.75931656098921,5.49758852967051,5.47285768893332,4.69061366780556,4.14642307458764,5.62002862627924,5.93410128418629,5.80409774046165,5.01796042087689,5.64443227863304,5.2303873467749,4.74797098461976,5.42374153570114,5.4905768574257,5.44308691766945,4.59050355385383,4.22829253473184,5.35366972796267,5.02115048356334,4.65472196481734,5.3473263200569,4.43722479513864,5.26944300194175,4.61303914436679,5.26457652636964,4.98182421224214,4.65576823875118,5.05838335851621,5.30285640946729,4.7973595619804,4.60467006094641,4.94315101298143,4.82959291880068,4.61422903047644,4.44640889360315,4.46141528234295,4.53474772169155,4.84332056940882,4.40647531507619,4.78865772942201,4.62722517676892,4.42711949604478,4.27151398062636,4.48255047244018,4.40598727211873,4.8090085862443,4.30878367290616,6.34734717141911,4.72791865124714,6.31268817649516,4.81259077683707,4.70420070945105,5.08233560826145,4.29128102136714
"74",2014 Q2,5.77366484598531,5.50963840125524,5.50649771785127,4.7030225861556,4.11716022237255,5.63783195153379,5.96470918247812,5.82013122658122,5.01988477018875,5.67302087644558,5.22542195513082,4.76114776744244,5.43324490911669,5.49213312800555,5.44062148033222,4.60844489468607,4.19810379651295,5.40068918048016,5.0098115205285,4.6859203356732,5.34343099062371,4.44323931884187,5.27545525174383,4.61838251746023,5.27157700728423,5.00455015044031,4.66870820679208,5.0601049302575,5.33561735459832,4.8148636895779,4.59471572808423,4.96044236692474,4.83572619701776,4.62212562663751,4.45411471106814,4.46464295085111,4.54212388427046,4.85093591533858,4.42556493668836,4.7961210694801,4.6623063773589,4.44863332816786,4.25362491986936,4.4972508437686,4.36449891780567,4.81640308627647,4.29524250458899,6.34300236682844,4.74423623411109,6.3808791575225,4.80762111407721,4.70002571700077,5.15571639794901,4.2955151327259
"75",2014 Q3,5.78091042577221,5.51649643537311,5.503211631803,4.72072852662236,4.12000856398212,5.64402007346504,5.95997387421179,5.85484911425166,5.02676750612785,5.70408252547063,5.23779214800576,4.75013595623828,5.44729727197487,5.48581532105059,5.44921241359382,4.60941222408577,4.20439406736606,5.47898725540413,4.99888333955744,4.7014798661255,5.3452093786635,4.44570541133706,5.2852499104281,4.59259140378123,5.32144804001151,4.99687437884622,4.66654746566299,5.06141365097951,5.35928183283141,4.82727319612705,4.58741346439883,4.99250574361846,4.85101412282308,4.63151996131087,4.45875616753256,4.45968187923949,4.54881145231871,4.89537407598338,4.44523614807177,4.84071650401934,4.68287169365194,4.44711188132982,4.24863808898911,4.49658224557119,4.36105832823768,4.80998682060942,4.28812795822982,6.34243459579711,4.78122212976845,6.41772655567464,4.8093347707045,4.73259547424333,5.08839848256198,4.28040910529489
"76",2014 Q4,5.79920101994701,5.52489620104067,5.49828631925305,4.72977434921262,4.11780468410691,5.67177697419764,5.9509882453098,5.86983668765325,5.02889425638159,5.70540945632859,5.26121377183923,4.74083679740963,5.45727946521991,5.4791328809051,5.43112210394678,4.61221966639561,4.19825402561261,5.5162642337085,4.98547278499449,4.71956972629659,5.35551635581825,4.43746134156198,5.28342600974176,4.56486888921457,5.34276136581202,5.04245690641921,4.6556731681612,5.07283438704501,5.35706157726947,4.85156140402199,4.57821000440531,4.99038084648995,4.83071086190202,4.62497281328427,4.46556323160167,4.45061942613949,4.55839299442916,4.90074602055897,4.47688216568656,4.72072852662236,4.66211746642984,4.45295097301058,4.26507138131118,4.51797697428571,4.36957442673464,4.82366293908687,4.27444142399394,6.35197106999332,4.7948810412139,6.40719097877478,4.79925560970229,4.76174649303019,5.09998837160826,4.29606016612269
"77",2015 Q1,5.81301018789749,5.53885283147166,5.53492052695572,4.76966715786949,4.14684966289367,5.70461359690023,5.9842038418024,5.91338307114693,5.04662687739918,5.70943000865567,5.27934225483971,4.77499734520036,5.43267160970752,5.4887768019803,5.42458899166868,4.63570771619297,4.21034823797841,5.52063709464935,4.96521781754831,4.72286432880473,5.3711624680764,4.4462916809206,5.29500373246153,4.54276272585947,5.39154523159617,5.09178508103902,4.65319815499867,5.07330886686575,5.38422913295591,4.87733244678184,4.56881735652229,5.01112182816452,4.85561757182965,4.63190948317771,4.47357976560049,4.44722899791951,4.56788360120207,4.93007578623784,4.50512883180787,4.7211738617444,4.68656582419209,4.45910340985331,4.29237541272123,4.53817531716381,4.39605280640697,4.85732870237083,4.2076732475291,6.36537474795864,4.81777843538692,6.39527124666768,4.76788409647584,4.75402113272045,5.13338375935531,4.33833594604915
"78",2015 Q2,5.85210345150254,5.55304386406716,5.56093800745052,4.76328442908178,4.13666215294614,5.74043338370662,6.00684617691167,5.94450931542726,5.04998032288574,5.72449279735137,5.27951776143699,4.76533133811203,5.44750770511428,5.49037556601482,5.41662513155336,4.64440187048262,4.1686786992748,5.53352294419348,4.96124807625845,4.73356340075649,5.36445367976048,4.46498815538823,5.31740407155162,4.54382655574704,5.43242157129187,5.09049336934166,4.65823690692478,5.08364370111673,5.38297820973812,4.900671607492,4.56153172895826,4.99392564441476,4.88778946409741,4.6551025547363,4.47631356386309,4.41835856392127,4.57233702889285,4.9512390841396,4.54340115959046,4.74092410696571,4.70329458398129,4.46797494681025,4.28179184887804,4.55229669638102,4.4062313233707,4.86830338551846,4.17776617036117,6.36031936196613,4.8439508380817,6.46548099367047,4.73707525686803,4.75952084581802,5.12217666882916,4.33125951762023
"79",2015 Q3,5.86760366038531,5.56439880189755,5.56690159484748,4.77119296981254,4.14683896119891,5.78142483710139,5.99923169007123,5.98342441323388,5.05626046912776,5.75618898843423,5.29106454837971,4.78055104510271,5.46705454939838,5.4901768527,5.43362277559072,4.64752626431356,4.16293735368771,5.5634591166369,4.9695925676942,4.74944367514452,5.38124365684914,4.47186733867367,5.33324443519652,4.54372022367187,5.45117364711785,5.08084520247106,4.65119462429937,5.09340704837947,5.39666994108869,4.92311469656676,4.5503971601408,5.0090210565604,4.8957480615519,4.68508980916396,4.47949357790009,4.43509335561057,4.58568150940423,4.93928249731768,4.58995502018161,4.75806293209123,4.72588226115036,4.47483368426009,4.29565141892714,4.55597994179732,4.37588279991339,4.88007092407514,4.14440376209484,6.35457461941004,4.87839830146972,6.4886651090415,4.71393490077948,4.7879916178237,5.12752904556775,4.29891672795087
"80",2015 Q4,5.86543865895895,5.57665529158677,5.56890124062267,4.79719451824343,4.13518850716909,5.77967562437103,5.97063858181874,6.00155222305496,5.06191802925154,5.76708271934781,5.30979621114229,4.80631349702263,5.45808088918596,5.48664442795791,5.42719509899104,4.66786421596947,4.15182699763546,5.58438433922208,4.96311422021106,4.74788428818727,5.39161154121358,4.48074010760991,5.3282729672139,4.54743513533685,5.38778998832841,5.08351393950883,4.65376985582415,5.10619041589513,5.39413566168865,4.94406804982414,4.54807059394752,5.0099769711071,4.87114331527766,4.66776932774461,4.50920979484218,4.43710650094084,4.60156369039398,4.95582705760126,4.60906260070344,4.78348372138451,4.69829616397758,4.47095284386828,4.3050105920252,4.56995743023235,4.37600856234832,4.90579316257267,4.10775424913202,6.36369978799874,4.88718623681325,NA,4.68453574136883,4.7973595619804,5.1469710840534,4.29196515630522
"81",2016 Q1,5.86575277931073,5.60314513950263,5.58884290488473,4.81551214546509,4.1625809058738,5.81142654129857,5.99777518083887,6.02446822537451,5.06790602295066,5.78197393333949,NA,4.84308411620575,5.44685112101023,5.4891108160341,5.42800466181745,4.67956376095614,4.17515620495851,5.59367974383256,NA,4.76873356985346,5.41050999949193,4.50799827423582,5.36250298002996,4.55566476608425,5.31236588626847,5.07298391916079,4.65138560978505,5.10519645158084,5.42031624532127,4.96696201630629,4.54297558239497,5.01533452350295,4.90334699553251,4.68296421342811,4.52515247800206,4.46164617590205,4.60995870271989,4.95420602612954,4.6578575082671,4.79430183471059,4.70998055034044,4.47869952193414,4.3447140997899,4.59208494643944,4.41158543691543,4.93497740349052,4.06782945656635,6.36237234395418,4.88748789594072,NA,4.64736723468788,NA,NA,4.30797635316372
"82",2016 Q2,5.88180506156583,5.64899232799761,5.60811599084041,4.82454665073306,4.16918958474277,5.86852716506667,6.02641517468464,6.01999333536415,5.06108409155025,5.79827302602128,NA,4.85070125617993,5.44817292802771,5.49523399321389,5.42370159040881,4.69795104345931,4.15261347034608,5.59322163359078,NA,4.78757507264335,5.40823176801387,4.52167987548907,5.36472483441618,4.57954463834912,5.32281995673367,5.10612727555548,4.65757286478114,5.10489589790077,5.43271429089237,4.98641090520539,4.54116485601218,5.03681784353528,4.91800817832099,4.70718511139482,4.55849777778966,4.44734610079452,4.62546288925585,4.97618186602688,4.67030228092587,4.83842247145059,4.72933282860851,4.48255047244018,4.37336422409523,4.61670342180176,4.41316186360459,4.94755348920996,4.04462896997617,6.35864494808232,4.912948960139,NA,4.6218306268812,NA,NA,4.36843468115441
"83",2016 Q3,5.88939082353241,5.68347972337382,5.62294650872047,4.87915893130787,4.16935893845912,5.90083703906105,6.0362423136461,6.04188982897567,5.07163829936335,5.81423647415366,NA,4.84261104200313,5.47111385506078,5.49083444248719,5.44558638053545,4.70678445895327,4.15512603448196,5.63396325632482,NA,4.80311899866775,5.42961964160732,4.53860294171598,5.37446181621367,4.60015764416455,5.36495097431347,5.10424706271953,4.64851699049146,5.10642991654157,5.44928222363859,5.0041476279607,4.52287494326126,5.02023110724158,4.92544044803302,4.74144780428064,4.56736447125219,4.46256921738907,4.64861274383093,NA,4.70038945256903,4.84756719422419,4.77051511857493,4.50369101703824,4.36906803350949,4.63599032832798,4.42292862599431,4.96438190957879,4.02427968777381,6.35170108229961,4.93368225292813,NA,4.60156369039398,NA,NA,4.46613797729253
"84",2016 Q4,5.92456611441894,5.69868642564522,5.60659939823375,4.91507841719804,4.1568257823444,NA,6.03177381740475,6.05043834532798,5.07693829008944,5.80709049725857,NA,4.83778870766482,5.46536681120844,5.48450504234889,5.43904596767372,4.72405221052185,4.14598779537394,5.66774178836368,NA,4.81551214546509,5.44294600547653,4.54616300540806,5.36175369974447,4.61699993774167,5.41772576815769,5.12681704838567,4.64477544058045,5.10653309583338,5.44537667270231,5.01946288269894,4.51622967669144,4.99924776047728,4.92012690057475,4.70736569830276,4.59036107033438,4.44699475102222,4.69052185308759,NA,4.70835834378426,4.84355696671499,4.77676777941907,4.50722654165796,4.38115125163793,4.65100360233126,4.43675153436313,4.97424789664387,4.0102380529251,NA,4.92985898406897,NA,4.58914242491089,NA,NA,NA
"85",2017 Q1,5.94183983468243,5.73896344291711,5.62290478805415,4.96151507546484,4.19789226336567,NA,6.06866482362945,NA,5.0801906593237,5.80394937857595,NA,4.84568203146339,5.46416918559911,NA,5.4424699271561,4.71281400780457,NA,5.67852604357175,NA,NA,NA,NA,NA,4.62015731579634,NA,5.13732668045591,NA,NA,NA,NA,4.50865928560725,4.99669946954473,4.91243427316759,4.6847204647461,NA,4.44722899791951,4.70646243746996,NA,4.6837040636422,4.8517958614495,4.7798795097799,NA,NA,4.61966463213854,NA,4.98086313576259,3.98005541581997,NA,NA,NA,NA,NA,NA,NA
"86",2017 Q2,5.95932901605282,NA,5.6452128499926,5.01562283560729,4.18543926427846,NA,NA,NA,NA,5.81447831966461,NA,NA,NA,NA,5.44631359702809,4.72499525035286,NA,NA,NA,NA,NA,NA,NA,4.64333264708244,NA,5.16780996846825,NA,NA,NA,NA,NA,5.00471104370468,NA,4.71447292087854,NA,NA,NA,NA,4.70799749578756,NA,4.79214755431824,NA,NA,4.67095792652609,NA,4.98927545497485,3.96556377235618,NA,NA,NA,NA,NA,NA,NA
"87",1995 Q1,NA,4.91173401886301,4.88305100948214,NA,NA,NA,4.88316582426984,4.78273029061228,4.74606922229709,4.89488805151101,4.96385143251035,NA,4.87757207553132,4.85493401379398,NA,NA,NA,4.98224730925838,NA,NA,4.89017558456804,NA,5.00916126193184,NA,4.78837623251699,NA,NA,NA,NA,NA,NA,NA,NA,NA,NA,NA,NA,NA,NA,NA,NA,NA,NA,NA,NA,NA,NA,NA,NA,5.53479079886685,NA,NA,NA,NA
"88",1995 Q2,NA,4.87794614699578,4.91011561029941,NA,NA,NA,4.91612872408052,4.7882402292637,4.73674707586683,4.89180536705933,4.9609754906624,NA,4.8817110556201,4.841461899726,NA,NA,NA,4.93345156962503,NA,NA,4.89687818652815,NA,5.01018644589473,NA,4.74971100253794,NA,NA,NA,NA,NA,NA,NA,NA,NA,NA,NA,NA,NA,NA,NA,NA,NA,NA,NA,NA,NA,NA,NA,NA,5.56880501413355,NA,NA,NA,NA
"89",1995 Q3,NA,4.88561171865856,4.93526482889501,NA,NA,NA,4.93139094148387,4.77739000432537,4.72405301057707,4.89881018703118,4.96402013247572,NA,4.90296523097222,4.82096750931778,NA,NA,NA,4.97077996720797,NA,NA,4.92328911731973,NA,5.01265702615741,NA,4.67654620575237,NA,NA,NA,NA,NA,NA,NA,NA,NA,NA,NA,NA,NA,NA,NA,NA,NA,NA,NA,NA,NA,NA,NA,NA,5.56002668879693,NA,NA,NA,NA
"90",1995 Q4,NA,4.88683405271428,4.95819012738179,NA,NA,NA,4.94166362493483,4.75604144123442,4.70571588324124,4.87946188561365,4.96521551909133,NA,4.90917836595282,4.81853847932807,NA,NA,NA,5.01024266835138,NA,NA,4.93108009072241,NA,5.0074733507558,NA,4.64493204118177,NA,NA,NA,NA,NA,NA,NA,NA,NA,NA,NA,NA,NA,NA,NA,NA,NA,NA,NA,NA,NA,NA,NA,NA,5.54262409672429,NA,NA,NA,NA
"91",2017 Q3,NA,NA,5.65344494251095,5.04838056033851,NA,NA,NA,NA,NA,5.83160210478898,NA,NA,NA,NA,5.4686429999376,NA,NA,NA,NA,NA,NA,NA,NA,4.65052588770889,NA,NA,NA,NA,NA,NA,NA,NA,NA,NA,NA,NA,NA,NA,NA,NA,NA,NA,NA,NA,NA,NA,NA,NA,NA,NA,NA,NA,NA,NA
