"","date","AU","CA","DK","IS","JP","NZ","NO","SE","CH","GB","US","AT","BE","FI","FR","DE","GR","IE","IT","LU","NL","PT","ES","CN","HK","IN","ID","KR","MY","PH","SG","TH","CO","MX","BG","HR","CZ","EE","HU","LV","LT","PL","RO","SK","SI","IL","RU","ZA","TR","AR","BR","CL","PE","RS"
"1",1996 Q1,1.33171209155248,1.17937596910046,2.22385896382632,NA,NA,NA,1.11756693276462,0.994509445902709,4.10233073212938,1.75930708032477,1.71738247442333,NA,0.784319235823101,0.632065694012597,NA,NA,NA,0.838786802377212,NA,NA,1.20341845374488,NA,0.668477711419408,NA,1.22822057899753,NA,NA,NA,NA,NA,NA,NA,NA,NA,NA,NA,NA,NA,NA,NA,NA,NA,NA,NA,NA,NA,NA,0.937047869264198,NA,0.0883090190841818,NA,NA,NA,NA
"2",1996 Q2,1.34387439677986,1.19811058741984,2.201224885113,NA,NA,NA,1.14701308938016,1.01593283861946,4.16360645142337,1.74517534112627,1.70882432028682,NA,0.796511208951792,0.630447713843836,NA,NA,NA,0.854622017244837,NA,NA,1.23688319778589,NA,0.68409461854503,NA,1.26222813339518,NA,NA,NA,NA,NA,NA,NA,NA,NA,NA,NA,NA,NA,NA,NA,NA,NA,NA,NA,NA,NA,NA,0.934153189435036,NA,0.0882746741103948,NA,NA,NA,NA
"3",1996 Q3,1.3757529731842,1.2075596498761,2.20624043729629,NA,NA,NA,1.14775060133822,1.00947544935185,4.20241923497526,1.74417615007326,1.71622992350641,NA,0.804336321097439,0.636000313455058,NA,NA,NA,0.887227538543328,NA,NA,1.26756602358292,NA,0.691949661190617,NA,1.27445739403753,NA,NA,NA,NA,NA,NA,NA,NA,NA,NA,NA,NA,NA,NA,NA,NA,NA,NA,NA,NA,NA,NA,0.95626581137611,NA,0.0897183249220239,NA,NA,NA,NA
"4",1996 Q4,1.39261918082934,1.22578648506441,2.23973011477261,NA,NA,NA,1.22305773204604,1.02198069800275,4.22241620180146,1.75047902084229,1.7134226010315,NA,0.806208805755708,0.618448637316562,NA,NA,NA,0.87492773174022,NA,NA,1.31584253457496,NA,0.707520689826246,NA,1.30017294959807,NA,NA,NA,0.355071268226726,NA,NA,NA,NA,NA,NA,NA,NA,NA,NA,NA,NA,NA,NA,NA,NA,NA,NA,0.965058952223094,NA,0.090763129476146,NA,NA,NA,NA
"5",1997 Q1,1.41515262805418,1.23196608418154,2.23161428937471,NA,NA,NA,1.22586532525055,1.01551047065628,4.23484253329089,1.75632413277023,1.71259186626329,NA,0.807530375639812,0.607909989771565,NA,NA,NA,0.871498664679213,NA,NA,1.3615748362225,NA,0.718742611869499,NA,1.34797884073093,NA,NA,NA,0.362327130987149,NA,NA,NA,NA,NA,NA,NA,NA,NA,NA,NA,NA,NA,NA,NA,NA,NA,NA,0.969628858680511,NA,0.0927511309652621,NA,NA,NA,NA
"6",1997 Q2,1.42393067561779,1.24712427426849,2.24998583334301,NA,NA,NA,1.23227413184162,1.01036310356728,4.25132655129639,1.75994162869554,1.70536883129079,NA,0.809270070097774,0.593554032375675,NA,NA,NA,0.860515651612145,NA,NA,1.39981253937343,NA,0.74793531364738,NA,1.41592014169905,NA,NA,NA,0.377441489001933,NA,NA,NA,NA,NA,NA,NA,NA,NA,NA,NA,NA,NA,NA,NA,NA,NA,NA,0.970651292987004,NA,0.0960668850644595,NA,NA,NA,NA
"7",1997 Q3,1.45946963622037,1.30864059535056,2.29565335952373,NA,NA,NA,1.2987117975308,1.00994461840412,4.21279268650623,1.72778166260484,1.71630742946853,NA,0.813406821009377,0.611320889142206,NA,NA,NA,0.901261098229938,NA,NA,1.42776548921493,NA,0.777876052203715,NA,1.52284256701497,NA,NA,NA,0.392787715083691,NA,NA,NA,NA,NA,NA,NA,NA,NA,NA,NA,NA,NA,NA,NA,NA,NA,NA,0.974491451686293,NA,0.0943402760871384,NA,NA,NA,NA
"8",1997 Q4,1.46589203615546,1.31713322277992,2.3182428092104,NA,NA,NA,1.31454632794877,1.0091598264465,4.21706430404136,1.76266880264327,1.71311011989642,NA,0.815385500731399,0.599979196283069,NA,NA,NA,0.912963860612915,NA,NA,1.42456061640186,NA,0.805044776855298,NA,1.56807210348116,NA,NA,NA,0.39114855781069,NA,NA,NA,NA,NA,NA,NA,NA,NA,NA,NA,NA,NA,NA,NA,NA,NA,NA,0.977273040202458,NA,0.101729053382158,NA,NA,NA,NA
"9",1998 Q1,1.49513043947447,1.30614346757119,2.36721881080087,NA,NA,NA,1.37746599634214,1.0132748050576,4.19988934139309,1.75778791531092,1.71859922178988,NA,0.815793399618549,0.601326858628001,NA,NA,NA,0.922084731543624,NA,NA,1.4850600363241,NA,0.831323056576829,NA,1.64000233556185,NA,NA,NA,0.429744262924462,NA,0.827498836999387,NA,NA,NA,NA,NA,NA,NA,NA,NA,NA,NA,NA,NA,NA,NA,NA,0.994682640448829,NA,0.112002329194464,NA,NA,NA,NA
"10",1998 Q2,1.538022457474,1.33222327341504,2.45024201104715,NA,NA,1.98996608482621,1.40444685285404,1.0164205213377,4.19008531595033,1.76657703902876,1.73389879260176,NA,0.879026287666703,0.607091534939679,NA,NA,NA,0.922991128010139,NA,NA,1.52071406356617,NA,0.866520759580312,NA,1.71197884991259,NA,NA,NA,0.454181048026137,NA,0.849777142435198,NA,NA,NA,NA,NA,NA,NA,NA,NA,NA,NA,NA,NA,NA,NA,NA,0.986316546687039,NA,0.116999231632354,NA,NA,NA,NA
"11",1998 Q3,1.55282884873353,1.33858715425035,2.45306149351615,NA,NA,2.00078222423761,1.42950553720689,1.03149511687423,4.2113517285646,1.77939532838115,1.73875519400072,NA,0.866802560488389,0.621978814809956,NA,NA,NA,0.908742147412842,NA,NA,1.56073985744193,NA,0.883545570653455,NA,1.7748922418775,NA,NA,NA,0.463353775807701,NA,0.878262546203769,NA,NA,NA,NA,NA,NA,NA,NA,NA,NA,NA,NA,NA,NA,NA,NA,1.00289598118004,NA,0.125808360185195,NA,NA,NA,NA
"12",1998 Q4,1.57046403697321,1.33811237367485,2.47572496800585,NA,NA,2.0104535373697,1.4556013044478,1.03132865445807,4.31134792815827,1.75734970962172,1.74626296535399,NA,0.875819325086939,0.638946751725036,NA,NA,NA,0.974177949709865,NA,NA,1.60368799819525,NA,0.890085795098461,NA,1.8504519918332,NA,NA,NA,0.482500696311396,NA,0.912736126703744,NA,NA,NA,NA,NA,NA,NA,NA,NA,NA,NA,NA,NA,NA,NA,NA,0.999033607724586,NA,0.129998635493591,NA,NA,NA,NA
"13",1999 Q1,1.59886517745196,1.30085380136272,2.51332458342634,NA,NA,2.06339637945655,1.47356138425806,1.03373319124668,4.3609671524296,1.7622314884521,1.75705393265586,NA,0.884064032560863,0.635636503806495,NA,NA,NA,0.972953149353626,NA,NA,1.56666316494666,NA,0.912174745167345,NA,1.87927528923477,NA,NA,NA,0.470624426807318,NA,0.933001174357557,0.6395466270962,NA,NA,NA,NA,NA,NA,NA,NA,NA,NA,NA,NA,NA,NA,NA,0.981833060801767,NA,0.133997477915661,NA,NA,NA,NA
"14",1999 Q2,1.64013607604998,1.29417583377068,2.53084667429481,NA,0.454859076682938,2.07864844315713,1.45636211568714,1.05645073454322,4.34972437997105,1.81010918770784,1.77787068730182,NA,0.898540492462596,0.655279601611317,NA,NA,NA,1.00364782706598,NA,NA,1.62701257332196,NA,0.936697190578736,NA,1.89555913487251,NA,NA,NA,0.46622177765448,NA,0.910838266861729,0.627482924568172,NA,NA,NA,NA,NA,NA,NA,NA,NA,NA,NA,NA,NA,NA,NA,0.966381397687083,NA,0.134305254971142,NA,NA,NA,NA
"15",1999 Q3,1.67449769125172,1.28891229149888,2.52894428356683,NA,0.462315840724099,2.13022259420187,1.43163222045761,1.06061358517212,4.33194353883312,1.83186036235086,1.79767359712453,NA,0.917192545173579,0.67681395932714,NA,NA,NA,0.993762819707815,NA,NA,1.65062980447301,NA,0.957129159163671,NA,1.90013279716284,NA,NA,NA,0.470134952474256,NA,0.922773710451191,0.59600936157215,NA,NA,NA,NA,NA,NA,NA,NA,NA,NA,NA,NA,NA,NA,NA,0.943104915889521,NA,0.135224176855729,NA,NA,NA,NA
"16",1999 Q4,1.71935256429907,1.25583552566412,2.49688277752767,NA,0.467024535531184,2.15613175556341,1.4061609208918,1.0619419175495,4.25963942847883,1.83958261798482,1.7918156655959,NA,0.898958692082993,0.684515910002778,NA,NA,NA,0.9880312158829,NA,NA,1.69469339907793,NA,0.979385952280795,NA,1.85970135205669,NA,NA,NA,0.487329904175297,NA,0.931641644692382,0.578727981713056,NA,NA,NA,NA,NA,NA,NA,NA,NA,NA,NA,NA,NA,0.619702935573293,NA,0.930909674020113,NA,0.136130747845463,NA,NA,NA,NA
"17",2000 Q1,1.74802282749058,1.29861110618626,2.51909850805804,NA,0.468561712936469,2.12873298824175,1.359919657662,1.07371812685748,4.21235537636217,1.82995279677258,1.79817093043018,0.459349484571599,0.897706645577206,0.680806257521059,NA,NA,NA,1.00023525721455,NA,NA,1.71964662324084,NA,0.99003286619449,NA,1.82690604487436,NA,NA,NA,0.472164263745696,NA,0.913404659268326,0.566569579810237,NA,NA,NA,NA,NA,NA,NA,NA,NA,NA,NA,NA,NA,0.626276898402146,NA,0.923516206353749,NA,0.137423756370814,NA,NA,NA,NA
"18",2000 Q2,1.7913385132075,1.29196619571146,2.51629918844341,NA,0.462238599634607,2.16206816155798,1.40048935983068,1.06513355349894,4.16265188491047,1.84565898658192,1.79907881768592,0.464244700186262,0.901191047933932,0.693445648291463,NA,NA,NA,1.0050467008135,NA,NA,1.74748110402666,NA,1.02128527599397,NA,1.85947042253521,NA,NA,NA,0.488378316323984,NA,0.912064802939657,0.554761794349842,NA,NA,NA,NA,NA,NA,NA,NA,NA,NA,NA,NA,NA,0.623741422728439,NA,0.909635621949696,NA,0.142737258716616,NA,NA,NA,NA
"19",2000 Q3,1.84623819502253,1.26781250173754,2.53147819453188,NA,0.47753558975286,2.15588986486486,1.37903069995557,1.07040023564281,4.15582975664052,1.8690950878281,1.8301947712165,0.478585182554075,0.909119377216812,0.698383626955055,NA,NA,NA,1.00187800209469,NA,NA,1.90143751533031,NA,1.04844769922424,NA,1.85241423463486,NA,NA,NA,0.47822294350231,NA,0.879200939519598,0.539806777022192,NA,NA,NA,NA,NA,NA,NA,NA,NA,NA,NA,NA,NA,0.614010863729533,NA,0.903882046387301,NA,0.142358567456444,NA,NA,NA,NA
"20",2000 Q4,1.9062954666174,1.26939528023337,2.51373198118297,NA,0.482013147466995,2.14093319751585,1.36985982018297,1.08183691604346,4.11216844996515,1.89518157236727,1.84568790113996,0.478177867509921,0.909547493721897,0.700573843035373,NA,NA,NA,1.02951552621468,NA,NA,1.91668040122442,NA,1.09543506361113,NA,1.88173974693279,NA,NA,NA,0.505046178618667,NA,0.889446807332847,0.520969499744377,NA,NA,NA,NA,NA,NA,NA,NA,NA,NA,NA,NA,NA,0.621829662973768,NA,0.910770868083955,NA,0.139349701359175,NA,NA,NA,NA
"21",2001 Q1,1.91214653100645,1.26169611479004,2.57719882282967,NA,0.483902057455251,2.1664871761319,1.40003440221451,1.09594540168275,4.13147360445762,1.91466064228811,1.87201634695261,0.504998021939156,0.90194975270941,0.699794455863563,NA,NA,NA,1.03231894314697,NA,NA,1.96072656721444,NA,1.11337383625658,NA,1.89104815492032,NA,NA,NA,0.568820284844904,NA,0.942472068000503,0.517452463765019,NA,NA,NA,NA,NA,NA,NA,NA,NA,NA,NA,NA,NA,0.631404675988573,NA,0.936755589005308,NA,0.146150400211682,0.0691347844802989,NA,0.0804966004074397,NA
"22",2001 Q2,1.96322597148386,1.28259167312614,2.59404458127664,NA,0.496783721857012,2.13464050841027,1.42986016066084,1.10636178939552,4.13302262306219,1.92897592536225,1.91066070316481,0.518939469807738,0.900569988157995,0.722745326778324,NA,NA,NA,1.02783017306992,NA,NA,1.96778844662827,NA,1.15402183975356,NA,1.92413613549034,NA,NA,NA,0.5866502811608,NA,0.988643150131116,0.500113142886067,NA,NA,NA,NA,NA,NA,NA,NA,NA,NA,NA,NA,NA,0.64799227648788,NA,0.944660609734604,NA,0.149102723358493,0.070029494203044,NA,0.0794230741555161,NA
"23",2001 Q3,1.9989760850503,1.34725615526448,2.60639106328132,NA,0.511002650068608,2.17300196787913,1.50079035966084,1.12514653195619,4.17799847406549,1.9774767146486,1.96691335654898,0.531903266468964,0.887388349902141,0.739712444224095,NA,NA,NA,1.0677181776706,NA,NA,2.01662744882426,NA,1.16308269206129,NA,1.94920857838459,NA,NA,NA,0.623014629470315,NA,1.0442437567115,0.503967973660358,NA,NA,NA,NA,NA,NA,NA,NA,NA,NA,NA,NA,NA,0.673852735010731,NA,0.955712760277629,NA,0.149240955659541,0.0715912561577102,NA,0.0783720284588596,NA
"24",2001 Q4,2.06684814999758,1.38411104739618,2.67392997209449,NA,0.522168185699359,2.14652768389357,1.56133521591963,1.12684851723386,4.21089414042791,2.00675349565972,1.9980432070392,0.530746409365605,0.884261492032603,0.76338371256159,NA,NA,NA,1.08505006696856,NA,NA,2.04078672820865,NA,1.18248152334359,NA,1.97808212476188,NA,NA,NA,0.649028422308806,NA,1.07157401202187,0.50485825480052,NA,NA,NA,NA,NA,NA,NA,NA,NA,NA,NA,NA,NA,0.688160515416203,NA,0.954729181126009,NA,0.13837603550817,0.0708476265556826,NA,0.0855933604521821,NA
"25",2002 Q1,2.11635320872045,1.37233439743995,2.68541092908672,NA,0.52919986204366,2.16647283531409,1.61806125694933,1.14626029851878,4.28187905726479,2.03145681639195,2.02517638335342,0.536318601853159,0.879854452192423,0.774566948526394,NA,NA,NA,1.08761957152899,0.399293691503517,NA,2.08186728907015,NA,1.21358200326471,NA,2.01042008471795,NA,0.0323664687755601,NA,0.654319007680915,NA,1.0349307187503,0.499364102093516,NA,NA,NA,NA,NA,NA,NA,NA,NA,NA,NA,NA,NA,0.693439432350332,NA,0.921022431097966,NA,0.129881415249637,0.0675463590144922,0.434634896070724,0.0855830389867314,NA
"26",2002 Q2,2.13226254316107,1.37326155864999,2.72377253148423,NA,0.538044674963971,2.21731049341506,1.63096136650752,1.15680838910757,4.31438452007002,2.07172196862697,2.0706965813535,0.538816899417901,0.890472404341048,0.788955801699108,NA,NA,NA,1.13251210907134,0.412685361082235,NA,2.11724335370003,NA,1.25289708258145,NA,2.00173458990086,NA,0.0282940065939804,NA,0.650038288690568,NA,1.03314210135534,0.497191447513674,0.205979754752695,NA,NA,NA,NA,NA,NA,NA,NA,NA,NA,NA,NA,0.704486137962954,NA,0.915592352190869,NA,0.0871118959137462,0.0653397138537457,0.437690224756081,0.0868112903237069,NA
"27",2002 Q3,2.20924110893307,1.39235482909055,2.76655173288593,NA,0.541255779711182,2.20587421085391,1.68055139440764,1.18357526045656,4.34159579382116,2.11502824706859,2.12284058551141,0.550821656970094,0.891033245135655,0.817657521694605,NA,NA,NA,1.17133695400971,0.42255984097874,NA,2.14547039692795,NA,1.28356273410709,NA,1.97785771867293,NA,0.0254898056065115,NA,0.663594406340166,NA,1.05293404028052,0.50561302649018,0.19484045841457,NA,NA,NA,NA,NA,NA,NA,NA,NA,NA,NA,NA,0.71828994071341,NA,0.903074399467089,NA,0.0786147489631704,0.0642226384800642,0.441467075922966,0.0881765298093258,NA
"28",2002 Q4,2.25681576891489,1.38037853160922,2.79744806680778,NA,0.551011308591791,2.25601389134146,1.7132615853396,1.20900080602403,4.43393217002663,2.14968111844691,2.1789737614596,0.626620304955215,0.912257805441221,0.834472812733682,NA,NA,NA,1.23470693626824,0.450170998528787,NA,2.10417503496769,NA,1.26168183401149,NA,1.98290347991246,NA,0.0287187023409093,NA,0.671957302076931,NA,1.0763074681801,0.509916208158697,0.189191009476075,NA,NA,NA,NA,NA,NA,NA,NA,NA,NA,NA,NA,0.70951460967656,NA,0.900210194462928,NA,0.0756686735957546,0.06276971866244,0.439214878860853,0.0893580320023728,NA
"29",2003 Q1,2.32735619206085,1.37011156589614,2.83344582200278,NA,0.565327385453801,2.29572223349077,1.6990180029271,1.21551885808762,4.58767940454175,2.19583131204277,2.21945973979523,0.626181700535559,0.938768776092851,0.860418288721239,0.832755248784022,1.66343896713615,NA,1.29754609969504,0.465922343052955,NA,2.1395221220469,NA,1.28596702798471,NA,1.99737376101534,NA,0.0284487667833903,NA,0.680055542417102,NA,1.06536820076787,0.507604043940699,0.182610884021719,NA,NA,NA,NA,NA,NA,NA,NA,NA,NA,NA,NA,0.70623424,NA,0.917439198780247,NA,0.0673769761959669,0.0590527541502476,0.437223418289564,0.0897204864506099,NA
"30",2003 Q2,2.41423454367026,1.40952049668454,2.903149076558,NA,0.569735573458296,2.34803107473961,1.81085969316886,1.26529276378302,4.63720990948684,2.25138220513764,2.28562508287,0.626406151308406,0.959053840570428,0.890261396238444,0.846060275568171,1.66847439464343,NA,1.31867978313118,0.477062268697937,NA,2.18063525921466,NA,1.32408419537917,NA,2.06021759341002,NA,0.0327170916558718,NA,0.707984597959786,NA,1.16081780093133,0.520257399959045,0.177957037435392,NA,NA,NA,NA,NA,NA,NA,NA,NA,NA,NA,NA,0.720598353907738,NA,0.936242741344115,NA,0.0590116560587587,0.0587861807123334,0.45025269489234,0.0930443366077861,NA
"31",2003 Q3,2.48021455997469,1.42891226549319,2.93127004159458,NA,0.584755946187742,2.38655607816787,1.83260077374936,1.28053783483283,4.62400753577229,2.30431022972208,2.31986928669612,0.659747948650194,0.975391783142736,0.911865470617465,0.865241421466547,1.65849535231526,NA,1.40763468502087,0.49060463371497,NA,2.17984577152377,NA,1.34300237774468,NA,1.94595160362323,NA,0.0360279415270968,NA,0.715307980717729,NA,1.15910082523657,0.53159881868882,0.168711248572791,NA,NA,NA,NA,NA,NA,NA,NA,NA,NA,NA,NA,0.714383294336464,NA,0.955330045097096,NA,0.056469752905538,0.057154535861951,0.451462950300522,0.0956114907620906,NA
"32",2003 Q4,2.54263569519655,1.42957677927501,2.93866316451886,NA,0.595722912881936,2.44474834745879,1.89479724972645,1.31405597240747,4.62429768309873,2.3492905421226,2.35050580748218,0.671329920024175,0.998232108801871,0.937722743945267,0.878022806488881,1.66852233861101,NA,1.4284378409268,0.510882135408225,NA,2.23808015727878,NA,1.37696353066041,NA,1.9334584294199,NA,0.0407231466029362,NA,0.708139865104721,NA,1.17873834943996,0.528151544442829,0.159521854829578,NA,NA,NA,NA,NA,NA,NA,NA,NA,NA,NA,NA,0.714510298518091,NA,0.973044393123517,NA,0.051592967035395,0.0558438938711917,0.458972363897274,0.098013980963921,NA
"33",2004 Q1,2.62255203503585,1.40238449720726,2.96018720227917,NA,0.603798701118886,2.479665926659,1.86815015287115,1.32702814479441,4.67287337057575,2.4068374162051,2.37948859918458,0.668465996190246,0.999263813717604,0.954609674021937,0.890377708051566,1.64928088226934,NA,1.53598270087814,0.525239999192324,NA,2.27170687817878,NA,1.41611918067593,NA,1.89215895559947,NA,0.0407283776606711,NA,0.708365394395076,NA,1.15182487651931,0.539821904908969,0.152368789315653,NA,NA,0.279524893165537,NA,NA,NA,NA,0.148578423447352,NA,NA,NA,NA,0.683505761948158,NA,0.971228994464192,NA,0.0468096957158746,0.0540497494867578,0.443890353072507,0.0956661055380893,NA
"34",2004 Q2,2.68576471386871,1.40535308030105,3.02122773593147,NA,0.609685612768001,2.53179539776463,1.90630075976581,1.36455427109945,4.70352423844353,2.44913586115275,2.43171591378314,0.748676476718496,1.01871830833963,0.988331210191083,0.91115810057191,1.6485100245611,NA,1.60121374202839,0.54451422674713,NA,2.29068836029833,NA,1.44974249257495,NA,1.86662252953405,NA,0.0432257784282082,NA,0.721250880342813,NA,1.17397051754527,0.544725773090069,0.147642475334415,NA,NA,0.291498553091167,NA,NA,NA,NA,0.167353668590272,NA,NA,NA,NA,0.700590763227065,0.0069738530217919,0.993834610115872,NA,0.0439213322001048,0.0522156373421248,0.451564414355021,0.0967295294855495,NA
"35",2004 Q3,2.7497258111976,1.41548692461319,3.04010542056868,NA,0.613698344796872,2.57431036713151,1.92051943984234,1.38295691658703,4.7557464933539,2.52179877863708,2.4730353644957,0.756959732386638,1.03651196471042,1.01051307847082,0.935577933574417,1.66455200445984,NA,1.77162425610507,0.565634931646717,NA,2.34905713885104,NA,1.48441551197139,NA,1.8524746441177,NA,0.048660432584126,NA,0.746843219103054,NA,1.17666270602931,0.570966924668862,0.141197512661068,NA,NA,0.3112822167714,NA,NA,NA,NA,0.188844933269574,NA,NA,NA,NA,0.681022861992385,0.00865582166940853,1.03020244960777,NA,0.0441021208222537,0.050812502584677,0.459262275651693,0.102880761272223,NA
"36",2004 Q4,2.80949376240617,1.43435867951712,3.0551222901395,NA,0.625168137450355,2.65928132788612,1.9229027478298,1.46433895114728,4.74772814290162,2.56700643228054,2.51075161310931,0.774028224033412,1.05927125719327,1.02479155360403,0.945608001183393,1.67069327452909,NA,1.82698361549711,0.586837708886719,NA,2.37724073356314,NA,1.54516326533125,NA,1.82992767614445,NA,0.0498638886129909,NA,0.760681483889703,NA,1.16463519550973,0.573529516054859,0.128126930013093,NA,NA,0.328316707744094,NA,NA,NA,NA,0.209020764067499,NA,NA,NA,NA,0.676647750595788,0.0106585079107659,1.0734753905229,NA,0.0424201433438039,0.050594714624923,0.468550636036792,0.104324142672784,NA
"37",2005 Q1,2.84174280355822,1.41675204486665,3.12917511884668,NA,0.632279790294901,2.75730307692308,1.94807785289876,1.4978399677015,4.7820650303865,2.57279928297329,2.53579933078918,0.763698031231399,1.08226831847317,1.05386774336501,0.963530304221241,1.66090149980018,NA,1.88033605259954,0.602793538401067,NA,2.40359086246739,NA,1.59601562281254,NA,1.80903573638427,NA,0.0510160288230188,NA,0.740053005245373,NA,1.17899507072733,0.597012154497065,0.127122409737598,0.0622448082874413,0.108113597741352,0.334810237414752,NA,0.628094130210916,NA,NA,0.230155831507183,NA,NA,NA,NA,0.681024601110062,0.0121356162857288,1.09717221789102,NA,0.0394092723786397,0.0503808580446593,0.480555580885637,0.107185756129922,NA
"38",2005 Q2,2.86780112434364,1.42830388803115,3.19762386760464,NA,0.636151494394936,2.77581918094338,1.9479420810122,1.53308340649449,4.8151040077115,2.57860488801317,2.59666181254841,0.797049329732322,1.12896804880571,1.10167956125747,0.990263197831476,1.65238052792648,NA,1.95101510859301,0.629465903023195,NA,2.44436453435648,NA,1.62918852306104,0.376773584137368,1.76760946441201,NA,0.05452164105536,NA,0.752892407810379,NA,1.16832294196019,0.604344579261487,0.120958074937162,0.0645761642209735,0.126505586471679,0.342292902455407,NA,0.697979981801638,NA,NA,0.258123338959049,NA,NA,NA,NA,0.676889356533655,0.0141082791074986,1.13666149007633,NA,0.0367348173045904,0.0499733606778323,0.487212383006533,0.10798364969604,NA
"39",2005 Q3,2.87235686168158,1.42748176788682,3.27542027215719,NA,0.641991889914756,2.83710030886895,1.96588421610404,1.56697527407233,4.84399579981185,2.62179604750332,2.64140577802464,0.810008809239774,1.16128701842439,1.13556244249673,1.02080615701512,1.64785100236941,NA,2.07312104893468,0.645678540577468,NA,2.46953413985646,NA,1.69870614564195,0.375158296407252,1.71298191030663,NA,0.0594937406154138,NA,0.762342046821277,NA,1.14230531779768,0.610040471120589,0.117728950491416,0.0641960421584885,0.143455641585374,0.370495147331397,NA,0.783525501194557,NA,NA,0.295573013627225,NA,NA,NA,NA,0.672343289556638,0.016731553657074,1.19046511768001,NA,0.0352369894416572,0.0507748529254934,0.497948690293611,0.113728551875652,NA
"40",2005 Q4,2.91264244612434,1.41687151223901,3.35575129610685,NA,0.655501402169416,2.95103244982682,1.95711335280092,1.61910480305154,4.84878915126318,2.62650703586654,2.68265760596446,0.832612203849662,1.19288790389604,1.1649568748048,1.04279226058418,1.65342245647825,NA,2.15023836549376,0.664272145915987,NA,2.51687846769878,NA,1.78089655920347,0.371759800174258,1.68046245198197,NA,0.0592511695695916,0.849863624334687,0.769593089322924,NA,1.10999114939604,0.609520449289991,0.113720104906599,0.0733694846064342,0.163269455809978,0.390988224862513,NA,0.874040194965614,NA,NA,0.337219553444522,NA,NA,NA,NA,0.664974363298531,0.01966059863262,1.23119704875722,NA,0.0344577533698178,0.0516191489807344,0.504249869850495,0.113847609137068,NA
"41",2006 Q1,2.96968296220731,1.41245565010985,3.40698032763813,NA,0.664830253068003,3.00645418133269,1.91207047770435,1.62622014387351,4.79568888057899,2.65715346651259,2.7170461411801,0.820103553374053,1.2226421662481,1.17154831418346,1.06643852783665,1.65021020076353,0.895653098057934,2.22081364017845,0.692882393396627,NA,2.43197399381584,NA,1.84738062350159,0.376813608261198,1.63324727588488,NA,0.0669301635265518,0.860143387370526,0.759389467581023,NA,1.09646481247813,0.591704933865272,0.109715396391038,0.0792154520184512,0.174923954830373,0.409563675968213,NA,0.93402855053572,NA,0.737200761661299,0.378031662550417,NA,NA,0.311424067890306,NA,0.651343012308812,0.0206795819455043,1.28875188842625,NA,0.0326127089317876,0.0532955422643542,0.490967419185914,0.112912221668892,NA
"42",2006 Q2,3.03630155555643,1.43820656161901,3.40799239447093,NA,0.668620621104784,3.05613455014573,1.95343422270504,1.65764412198211,4.7284900799186,2.702092986889,2.77754992799895,0.825682811004676,1.26395945361271,1.21322856807787,1.08871563092591,1.62181095916149,0.939197375808978,2.29543962536654,0.701235088346368,NA,2.4524391185284,NA,1.91658701159193,0.382297777141259,1.60216118003453,NA,0.0685083066475972,0.895481285255208,0.7791975258051,NA,1.06676818735724,0.615362105889323,0.106766601877181,0.0805006165438267,0.19295763572372,0.434172443733703,NA,1.02222698466154,NA,0.788533278162006,0.41128382662942,NA,NA,0.325326924599034,NA,0.647913383249576,0.0273715608946241,1.3281079123455,NA,0.033519165136652,0.0555901412593183,0.483393276399397,0.112286044810101,NA
"43",2006 Q3,3.04508117050189,1.46486037567113,3.49215808250036,NA,0.680934338564163,3.11545908230842,1.94380319306016,1.6821288931266,4.87702897772337,2.76102559093043,2.82321283576708,0.831776857225055,1.2841885812516,1.23470138952793,1.12341084086754,1.6135697671909,0.981537949364264,2.30903368492685,0.718881247588784,NA,2.42311871222164,NA,1.95791816122815,0.387524941448094,1.57374402017941,NA,0.0684425918852044,0.899232215859095,0.786167956364718,NA,1.05396128315792,0.624750066498788,0.106435763163089,0.0863054572346952,0.209324438750341,0.463227364917222,NA,1.09099036742228,NA,0.866290258437469,0.434430696243108,NA,NA,0.339756641199972,NA,0.659453051312733,0.0354153367127318,1.35920593132121,NA,0.0332666722848369,0.0557566059439272,0.493178391404544,0.112626034775134,NA
"44",2006 Q4,3.04411955984496,1.4747921880142,3.60557151649521,NA,0.678978898213673,3.12081350342395,1.97149676052934,1.72082210778797,4.83161255941111,2.81257140399405,2.83285641011028,0.877599706296632,1.28872673155627,1.2558641204387,1.14274725814968,1.59342736229757,1.02796895855744,2.36769554766109,0.720426781214617,NA,2.37300195331448,NA,2.02246234694272,0.385349122280028,1.54376404879333,NA,0.0683232254973975,0.938537175905657,0.887563148605084,NA,1.02555090185844,0.626680682631465,0.10845393358794,0.0896905868368407,0.246196375992571,0.483898992141132,NA,1.17907444668008,NA,0.945377338082442,0.469214536928488,NA,NA,0.353852476276517,NA,0.646019534000654,0.0457972669426111,1.41150052741094,NA,0.0336977183389904,0.0563351157238413,0.511003877052656,0.116302660903356,NA
"45",2007 Q1,3.05845585701278,1.45554109550045,3.61860195557707,NA,0.682612281937475,3.19870080521125,1.94897358068393,1.72501586392334,4.79553491070248,2.8265608333973,2.85557929704545,0.877196779187352,1.28363883868848,1.2486750379346,1.16141507293206,1.56247550509897,1.06023990385546,2.27849529527916,0.730074136014916,1.40142327182445,2.36209167825053,NA,2.06494779960685,0.376714727563391,1.50644180735962,NA,0.0675549248325043,0.924332381937985,0.873720304293495,NA,0.996212156392896,0.610565283294766,0.110815475088214,0.0908247042262635,0.251572423554935,0.497770758399411,NA,1.21203281677302,0.369354581956301,1.02452636801023,0.496991452488488,NA,NA,0.362797680583168,0.244200531177286,0.637451188991542,0.0513319292343489,1.40871537442054,NA,0.0343290124138148,0.0580027531640118,0.506465989129925,0.11749376373499,NA
"46",2007 Q2,3.10599114538703,1.48617518563201,3.70750721085519,NA,0.685346487353899,3.22943295442004,1.92098950750441,1.76077573341747,4.72185701887475,2.87312605636571,2.87527561464012,0.877966867405693,1.30785911650519,1.27315786058784,1.18316314775451,1.54320380678127,1.0864899857135,2.37001302719427,0.743151587913066,1.39297519136063,2.3609616865554,NA,2.11402562649587,0.376881929096777,1.48517127172593,NA,0.0704828511967855,0.901796179166608,0.852254484832369,NA,0.976723396484283,0.618622156382993,0.114108670993631,0.0926156323146348,0.287558794389112,0.509488157868416,NA,1.27587422270336,0.38240635576173,1.065315151283,0.546167075474358,NA,NA,0.381850332665849,0.262406713209753,0.639484810451646,0.058719865334132,1.46779611791471,NA,0.0355052077165033,0.059695552975917,0.524630874588307,0.122131294907838,NA
"47",2007 Q3,3.13610380119527,1.51212192153901,3.72690479367899,2.10688668022674,0.696427186059866,3.21399476686827,1.90892624034943,1.80252572792687,4.70682585441979,2.90049520750327,2.89517715858273,0.88964322336551,1.28351683937824,1.29180069445924,1.20716048998966,1.52595177013853,1.13002495385246,2.50424455230817,0.762329920657045,1.42669493396816,2.33544510972486,NA,2.14221494058849,0.376356996000748,1.45957445121523,NA,0.07338159377842,0.888345865619577,0.846796297087879,NA,1.0110135887342,0.61551006031788,0.114356769792117,0.0972686046194955,0.307300416181951,0.525690219946004,NA,1.30296933705005,0.393576372743021,1.06858995749295,0.590116667111621,NA,NA,0.39443282658045,0.276831630267815,0.649684970016408,0.0686877952777609,1.52450281241711,NA,0.0374834721848965,0.0623063960584324,0.564164235433395,0.122633887969642,NA
"48",2007 Q4,3.16080379489372,1.52056951239226,3.69575906990529,2.11425705285849,0.703114516819413,3.25880450219387,1.78803366691684,1.80972940325745,4.64265313460377,2.91453354207118,2.89504396689712,0.885587377261609,1.30357449832105,1.29711460224072,1.23060084697254,1.51476842302055,1.16948260949468,2.47275852420354,0.757163112377719,1.45657530176028,2.30143757509359,NA,2.15423819456243,0.372973105752599,1.4416140676539,NA,0.0744572856004119,0.871511662543689,0.809950329671987,NA,1.03749437910574,0.602321513687574,0.117689368266266,0.0969892815297081,0.335374300540437,0.543182514269804,NA,1.31103912749645,0.410042003383257,1.07789390745645,0.633005054452608,NA,NA,0.410699179005833,0.293032246727001,0.633186056333114,0.0758513811142266,1.53779527785963,NA,0.0367858118633912,0.0654122145027605,0.574969855925405,0.125347220877885,NA
"49",2008 Q1,3.15941199445125,1.50029223183979,3.69382371473452,2.05732560894127,0.712647721123592,3.30000524714031,1.72490114374281,1.85639877261485,4.60322477389216,2.91240116781736,2.92065142311105,0.896293634539003,1.31208000543023,1.31899649020789,1.24491004603827,1.49173747718673,1.18286949919118,2.59218351741716,0.738489933758041,1.4623448579517,2.28431721171461,2.29366296368218,2.17140908131242,0.362775212988958,1.47738253910806,NA,0.0747901937032497,0.864114799097697,0.822951192390527,0.0662586272387819,1.06476537425863,0.607824085911532,0.11849166574341,0.0993318572788434,0.34919640987459,0.552665589755501,0.43249031671584,1.43811171527435,0.401335878409715,1.09350317406804,0.638753940292972,NA,NA,0.421601550479347,0.308533635838274,0.65027740867611,0.0817804189927938,1.53612562618478,NA,0.0363954561293882,0.065478454158861,0.588144825733703,0.127677336267769,NA
"50",2008 Q2,3.1425091671032,1.48958000894984,3.77589663127109,2.0499659905246,0.723052958978381,3.34062003279929,1.62145321023904,1.90790418795025,4.6009360378557,2.95798023043506,2.88644404819798,0.905578693555458,1.16414895288546,1.34635138466595,1.26664093674886,1.4905496999658,1.22520169328064,2.57211946377058,0.724403747932272,1.50363391912344,2.25249616011828,2.34042031273694,2.19748408794405,0.356389197659818,1.51905321402464,NA,0.0758226550030581,0.85755911766166,0.811347767303716,0.0720296037703498,1.0955858796637,0.602511139748805,0.122619220273003,0.0994513548361434,0.377574957581711,0.547967203511899,0.447018090399404,1.41501300283485,0.400015141766141,1.10584485438621,0.667805746739183,NA,NA,0.446355209470385,0.322628043660789,0.674149672758783,0.088119037783133,1.54914068822668,NA,0.0365330063711816,0.0677766143223441,0.625374949598724,0.129955947971655,NA
"51",2008 Q3,3.1074639447073,1.51539997385576,3.74946792404808,2.08064952898373,0.741340556965627,3.40830194307142,1.49000407222513,1.93348228788583,4.62204887363457,2.99934621641757,2.87285671915444,0.929692678807683,1.18951852474637,1.36430522153834,1.30153514325706,1.49709175818777,1.2502408248209,2.63426162493613,0.751907399654313,1.52882232322325,2.30445570402915,2.33599051910155,2.2284341771156,0.357243911066457,1.53768420375299,NA,0.0771237866459317,0.857120164900203,0.824813311457558,0.071855660628486,1.11018962599751,0.609326918355934,0.12185778003239,0.101461411970342,0.393197386845846,0.548141339730861,0.466199170363437,1.48252804141501,0.434417456628036,1.14194687253535,0.712698220554412,NA,NA,0.471315342375201,0.336032388663968,0.696902152462087,0.0974334907248241,1.56378852979638,NA,0.0375159571790498,0.0721796101665326,0.678255045153224,0.133771883040812,0.1744984990269
"52",2008 Q4,3.14049335863378,1.55478521350087,3.86499768550768,1.21122087314378,0.752906042548887,3.37830376870147,1.47856244038366,2.01373818283426,4.73659420192336,3.04706729039223,2.90624952779972,0.966187587119529,0.98843811529832,1.41436279225396,1.32171540381928,1.5171544175143,1.2973616938857,2.53283401255645,0.765477249121492,1.6084616736641,2.22350545110733,2.34717996881361,2.26530644648177,0.365352266525312,1.55925286882179,NA,0.0772629387720505,0.888089553737402,0.93625747945727,0.0774303337574246,1.2180254357907,0.664339718535759,0.1234263142903,0.106577401577105,0.413929670964018,0.603227136375197,0.493127301564109,1.54651191751139,0.485755818841493,1.19097790499561,0.758226930861298,NA,NA,0.495798464290693,0.361016588685666,0.700346808493327,0.117685052755571,1.59568374363799,NA,0.0426640123065786,0.080473653362422,0.714936815897564,0.142979416690969,0.219453861101719
"53",2009 Q1,3.20486526141373,1.59661851494059,3.99896658231702,1.17262385867892,0.803118100560519,3.40795265649658,1.57286156030281,2.09595307746171,4.86587895536409,3.09303564712274,2.93952190072597,0.969673496479847,0.955999953708526,1.50314229641227,1.34901851721183,1.56549683334815,1.33460583069346,2.62445164105744,0.788868025026724,1.64457148255213,2.24362150582061,2.42704135418998,2.28816568476289,0.402716686203556,1.62108457099257,0.189334383951102,0.0761470071280853,0.898290534320551,1.05046921522513,0.0837569862984654,1.23484095503436,0.690295358649789,0.128582032457926,0.113746013351074,0.437308862800147,0.637952277026044,0.510149278307456,1.71024803454767,0.539219778644297,1.34893291751955,0.861331557167961,NA,0.17284804573793,0.554021652704362,0.381765250760884,0.692757731301616,0.127190706407112,1.59545879163987,NA,0.0428128128814582,0.0861185555880149,0.712911942272514,0.14888611134511,0.233741015988509
"54",2009 Q2,3.3113719162777,1.64177406116515,4.13161222737096,1.14159213175976,0.800089439983738,3.44258064516129,1.4920813866734,2.15465925912389,4.91163351103967,3.09786198186986,2.93970305652516,0.979674233578087,0.884248472835599,1.5443856685633,1.36192110771622,1.56016602952073,1.31227384775902,2.64676870354505,0.810349831359344,1.6920111786325,2.2751306779114,2.43708997215186,2.3005564097814,0.422880316180228,1.57807263749643,0.181559263255223,0.0767427491211087,0.892675666721715,1.07084970967226,0.0840412442072893,1.20077404696735,0.678115488688795,0.128151026974365,0.115339964453486,0.432719067318541,0.619138884054231,0.534904283787501,1.74526726845695,0.516878479165023,1.41098291718583,0.887557738837158,NA,0.171044954048866,0.566371959293308,0.399123197436354,0.701809650877493,0.117830513826097,1.60773545929066,NA,0.0415200191010405,0.0915056777106072,0.70380420454366,0.151068352268741,0.230303648720777
"55",2009 Q3,3.36848766553811,1.67224771260917,4.07630132181919,1.10383535788317,0.812991578053496,3.415891721724,1.41422378600932,2.19649678935156,4.91717727943354,3.08318178634339,2.91014694562526,0.98295235761543,0.901255935233367,1.55935942118498,1.38139148526097,1.55093286818262,1.34521524911613,2.62552440884821,0.81164120756583,1.68397249064873,2.28497501383035,2.44640361740079,2.31559776078849,0.439275837457143,1.65357667833684,0.177657416779952,0.0776868627799036,0.877336705162876,1.05257732320192,0.0799854811702897,1.19920808715173,0.680647029956867,0.129859388970132,0.112756026478834,0.455017828272762,0.635266922200758,0.553808114848985,1.77492984638528,0.518405562319085,1.51993997960785,0.920287318713762,NA,0.170502701965929,0.574147657606632,0.416990733539255,0.730733265648219,0.110174213280953,1.57420729305911,NA,0.0371046853380755,0.0978204451542183,0.688439104154633,0.152022882341987,0.231641226065772
"56",2009 Q4,3.37187529286808,1.64976632086525,4.07194473229706,1.10712496911477,0.816008637929825,3.41766290378961,1.38193596921266,2.23860964758931,4.95146480281462,3.08424188001232,2.85556275635767,0.979236608045419,0.898774326559279,1.58442474754156,1.38723227509095,1.53643905674707,1.34205953743455,2.66137016734684,0.82571687509635,1.65980087366992,2.32135051083086,2.47445789918333,2.32479960555938,0.452859823169947,1.63975823382866,0.176103895313567,0.0787047790603384,0.885472577517311,1.01423835612952,0.077171160905843,1.21403712374005,0.666778843041724,0.132685071228989,0.112887562962622,0.467115850163338,0.629078029752352,0.562631575742568,1.72690536072569,0.511333354003611,1.48727681869158,0.929773507629298,NA,0.173064689557506,0.578231260114195,0.436110432445639,0.758922065850357,0.107578481996709,1.55091477171146,NA,0.0341203815777418,0.103393346165114,0.680911045320063,0.149625349015917,0.248250585260372
"57",2010 Q1,3.37134813084826,1.64129245411618,3.98986097104164,1.10677631964941,0.819095993301831,3.36832190748075,1.23346873478001,2.21740789244239,4.96084270939009,3.05000741418718,2.80199138668877,0.997260636757124,0.914457223001403,1.60405945623606,1.39248773553375,1.52168236768239,1.37703655449925,2.6129124683635,0.84633811166022,1.67636199059272,2.34510252476847,2.47899506962177,2.32102922350044,0.466218669672359,1.65039630625123,0.169249091844635,0.0729989308021806,0.859346168304184,1.02445428022854,0.0775343087057939,1.20948680032555,0.663900598469304,0.135836240674039,0.112627378961992,0.47124727181851,0.647409430672243,0.580848263612221,1.74707779121322,0.516138598739128,1.50258261119066,0.886684426651752,0.621663185825485,0.196313122067686,0.582824562992483,0.459561906678743,0.74953598157363,0.0994369271072901,1.54123461349481,0.167587164259065,0.0314963376323462,0.109538230310136,0.694263597259296,0.153471936475985,0.270908944377199
"58",2010 Q2,3.30728454575456,1.69241066174117,3.95989364256432,1.08881821414062,0.815401312840967,3.36314633220826,1.20363756860654,2.23421902828977,4.96597733931327,3.00406043579829,2.74542043802467,1.02206457043227,0.894336312297823,1.58500320444349,1.4040953178251,1.49388522901121,1.41984080625616,2.58098228624847,0.859912275341427,1.61522039220293,2.30023027021797,2.50409683467962,2.33297706656398,0.477952389042029,1.67766547184377,0.165601087806282,0.0753503361428732,0.85075926750306,1.056376745983,0.077807384945116,1.23481527788292,0.677608648401987,0.13882389118398,0.111997935430199,0.465613820275469,0.668528471289533,0.585440612254361,1.67545199544533,0.555624338280461,1.49106222359742,0.875525553922924,0.696064545472302,0.213288853547566,0.600064842185563,0.493109102189134,0.763971099224099,0.099101551635329,1.50490368069417,0.173789894389392,0.0296530097612056,0.117447218178747,0.678221636241611,0.152293775053764,0.293902585925874
"59",2010 Q3,3.31352247744124,1.70281629176384,3.93198551915913,1.0747875924902,0.813328433251575,3.35079490940808,1.20532413434376,2.22992019956874,4.99406936968776,3.00677310962385,2.69663830662007,1.01047733662833,0.924955175224124,1.61335327422284,1.41964958281769,1.48184138731031,1.46088054749962,2.55517372138219,0.86310870114309,1.63296352919559,2.29167724457927,2.50332485798818,2.3240266301937,0.489240059143158,1.72378477407707,0.163005076926955,0.0758475703607144,0.849496754322498,1.07667245278972,0.0787316855974869,1.30237987602858,0.677223723902641,0.145529603806558,0.11276111384182,0.460014166956243,0.666214719929213,0.595796760884142,1.6038974906567,0.53118689058093,1.44507705929066,0.844375572304008,0.690792508268185,0.209327364895975,0.611915305320684,0.512023194307657,0.793256912232069,0.0988401182096069,1.50219964046127,0.175265143220024,0.0284576220586313,0.126664373504583,0.652810950539339,0.157391735604551,0.293096607935836
"60",2010 Q4,3.31051858192453,1.69612852805752,3.93642633747364,1.0318552111404,0.828715731831263,3.30558799976562,1.13454536407984,2.22434806396424,5.0057845292148,2.98508895031894,2.62283160988925,1.02793165844056,0.911821465150127,1.59199717889147,1.44860029862005,1.46939484059004,1.4685618283738,2.37565607405287,0.866400677153691,1.66458643342935,2.40474915355306,2.51754574525373,2.33649475955269,0.493822918072764,1.74721046435338,0.156947724671161,0.078127592593383,0.854888831953301,1.07026524710398,0.0811438933240506,1.32694898543537,0.686119604576754,0.146905952503071,0.115060694562054,0.444018373787274,0.693953153751603,0.608984802247938,1.54107539088704,0.544300716997711,1.37878994199519,0.82510976230783,0.724897550668331,0.21316627302126,0.631376524816091,0.532509853138693,0.807791623157828,0.0966276405937802,1.45801646090765,0.186614226443591,0.0270365931232615,0.13537848381717,0.663341251781841,0.161254650646185,0.301652982886321
"61",2011 Q1,3.30566844258957,1.74768375531411,3.92046114506133,1.02655720293247,0.847984168501895,3.29284095970256,1.08639519149176,2.24546731056205,5.02283487931057,2.91071298273606,2.60065603370448,1.00090589141798,0.92827727113107,1.59452511208918,1.44863801156277,1.44083153418775,1.4956838158553,2.32963329562594,0.873056864828455,1.62760968524646,2.43145843236848,2.55931680627945,2.33168022183204,0.495917938612919,1.71816832990304,0.154067175780725,0.0788521140902961,0.861825015425959,1.05241808872954,0.0811272945182465,1.34187659805382,0.669535933753324,0.146626284302558,0.113857668214994,0.428209416469733,0.679290765617843,0.614618483882807,1.4815499537812,0.509892697684518,1.28444794541234,0.793845337577928,0.711541702919307,0.203255634514533,0.646251706833672,0.531029304547483,0.821091752554301,0.0920535162427362,1.44059282192962,0.189019577437725,0.0258137959472791,0.158957297822033,0.666696122497413,0.167557133885006,0.285018980963368
"62",2011 Q2,3.23663867567627,1.7735927793645,3.93343867742012,0.973589122312844,0.861436908396285,3.25130343711321,1.05574691845945,2.26912766309415,5.06517714781617,2.92958435566689,2.5496098398317,1.02877869640702,0.957389724522562,1.61123558887033,1.47372757548928,1.43972561343232,1.51920133415576,2.28510677851881,0.880585412925188,1.66273022621982,2.46222690993425,2.58251926974937,2.34076856311627,0.499837854728565,1.73454533559445,0.154280811594264,0.0808890045019394,0.87005864593574,1.06617075993936,0.0822919027284878,1.39788285792292,0.690022733155322,0.147760448082904,0.119809170661623,0.426187116817954,0.693212745622251,0.627489448809177,1.43548895516598,0.523301366322922,1.21667543958222,0.771905872048842,0.747085537422041,0.217870422721932,0.66235014007194,0.549695938255412,0.840672445580805,0.0926194605774078,1.41969125230991,0.195715176471659,0.0264090093488808,0.168213091099498,0.688035450445361,0.174387904795286,0.290200743067456
"63",2011 Q3,3.22548819578302,1.78989127833996,4.02340973131765,0.93222977736282,0.847883151540118,3.205391330411,1.04048516857285,2.26775338509693,5.1699837827966,2.92553538958032,2.52055131189913,1.03645065800472,0.971215071304531,1.62781438214964,1.49141461136405,1.43442489938985,1.5402873568809,2.28925291519641,0.888241675365402,1.66962274184375,2.40956820770287,2.58487093255772,2.34243141347523,0.507444288435949,1.74823879422068,0.156920904147403,0.0846756691364595,0.870145431538716,1.09116744302765,0.085263140628251,1.4285351889726,0.693326539610322,0.149456249886941,0.118735197734524,0.428527268917187,0.698940379442705,0.636331811323594,1.39830929885629,0.540823663927522,1.16278334577007,0.755515006606682,0.793879860225755,0.225480959926975,0.676614191888415,0.555248887878689,0.839312560387495,0.0989779854065343,1.38491736601607,0.191586548999023,0.0269685460590807,0.185355236660996,0.6981123936364,0.178544238175808,0.289656562390082
"64",2011 Q4,3.25288834938419,1.79458308510404,4.01416210763202,0.909318245415289,0.856333669541557,3.18958740802831,1.01242794336787,2.33589445483496,5.21615452015554,2.9006180750137,2.47594770993574,1.042030258513,0.869737862246715,1.64632108706593,1.50079478983102,1.43417927002152,1.56813285511679,1.87600046669,0.89907872778744,1.7208293992937,2.30373519878161,2.61859252823632,2.3576944311695,0.523113042220791,1.74209588347499,0.153377580481384,0.0892327448690535,0.869575927721453,1.11421624249376,0.0887061283532319,1.47462278634776,0.761224688364226,0.152447389322758,0.116243409567351,0.461565123755423,0.701395344660799,0.647315461292743,1.36786661085531,0.504676461830102,1.11080365026863,0.74005054088708,0.79769325992695,0.235925685684724,0.686368609885457,0.560755782386795,0.830529829628399,0.111028105016495,1.36487260764954,0.188878870077178,0.0280506233600146,0.19609302394729,0.705045829277241,0.187410034220167,0.300317073415395
"65",2012 Q1,3.28196486272496,1.8082180912607,3.98911285332013,0.878161132502342,0.852347052608614,3.21563898836168,0.947443024744829,2.34398401086352,5.26204641620721,2.89064962563054,2.4266767375373,1.04003896983001,0.88462531632495,1.64188960716062,1.51064165645193,1.42500802990043,1.57887669254011,1.82840792033879,0.902549793248369,1.71821464139036,2.29136899679469,2.63447087340099,2.35737900874636,0.525279726781059,1.71704551171759,0.153951873781386,0.0935765375206784,0.863972057030593,1.11705870156103,0.0912433574332482,1.47140100372632,0.710173772345942,0.155981624930869,0.11860852463814,0.438814060005669,0.704993231906691,0.654449089823669,1.34409766209835,0.476426922973304,1.04850956930951,0.722248014660965,0.778657440166751,0.235254686688111,0.694914832270585,0.567705147251595,0.840078380981911,0.101663239559435,1.35738180077782,0.1883961617767,0.0282258746956687,0.206084750218865,0.71611079224851,0.193980259002664,0.326840613347875
"66",2012 Q2,3.26948495117234,1.84143016101296,3.972816341875,0.920829396944719,0.867795853104346,3.19432932877769,0.986935937734212,2.3387606535621,5.32081480437262,2.91025549033959,2.39225125833473,1.04538404307638,0.916261095094909,1.69440141624253,1.51500126419446,1.42421284753839,1.60486699749689,1.82584090183013,0.908021517095217,1.73181365739768,2.36499938130714,2.66214481515265,2.36139799089565,0.524199468802842,1.72936299000559,0.150927155776523,0.102431358881549,0.872312872023602,1.13089445468466,0.0937879300379786,1.50194669674432,0.706035654150074,0.15923432936725,0.11877080153811,0.430713315977713,0.708101011178868,0.666700149392042,1.30536657416525,0.464457006288155,0.99673396940558,0.719308294133418,0.795024279014151,0.237892277202836,0.710649265383363,0.578150889207997,0.851510346324621,0.107053785083615,1.34607429572762,0.187986469306821,0.0284173810204146,0.217308367749827,0.724315030054974,0.202471315085329,0.325642126154172
"67",2012 Q3,3.3062710923711,1.86727947281483,3.95976562827906,0.892323677020648,0.879188125660697,3.25226960875209,1.00782012219674,2.37214422526306,5.35286247626814,2.85445529775066,2.36599242181925,1.04436481806989,0.882560843280112,1.71559909267921,1.51949250469498,1.42317171836625,1.58676631232872,1.80874341850341,0.91064986707061,1.76665468124523,2.40088024557451,2.64348336678991,2.35204063522618,0.526879705645661,1.73129168677557,0.151653015530582,0.0965426942237072,0.870641431464386,1.16332161659074,0.0934008470715755,1.59561775562634,0.707685440787113,0.166420821885162,0.120414978811153,0.425836433017904,0.737613553361615,0.678054667617019,1.29179814205962,0.447770846576842,0.964231829179542,0.702845915694213,0.784407048018398,0.247376217329271,0.729471907772895,0.583638122130446,0.853126241470905,0.113149239585308,1.32506182577348,0.18897987621442,0.027714820482616,0.226517241173378,0.725989472736641,0.209799828502736,0.321928691251014
"68",2012 Q4,3.32958088480167,1.87466406377095,3.99653011744702,0.889641454574247,0.885394158036366,3.28858037268922,1.01738961978103,2.39735204034532,5.44636572147298,2.84975899216172,2.33854819089303,1.04168865304318,0.91018488017788,1.72719635141623,1.52855217698021,1.43473729429267,1.59120798545464,1.94237319130455,0.913681036009405,1.78223348046892,2.37402069685054,2.63062834006543,2.35734387869201,0.526985752206804,1.75310734404796,0.151818899953471,0.101103008121587,0.874505761580596,1.19567516868809,0.0971863374276164,1.63158996377298,0.699555799226071,0.171646265147263,0.121779102787696,0.435993992939754,0.740944563625263,0.690985763776545,1.27732377747673,0.446283930166325,0.931053519782491,0.689548075570765,0.793493929522883,0.24560303268646,0.748999551736202,0.58811030842522,0.869645604524979,0.121011322716398,1.30410410741253,0.193414000126649,0.027273254166362,0.24021488358902,0.740025835422435,0.214609170812465,0.314342955208369
"69",2013 Q1,3.32888880819985,1.84752445704299,3.99440049810495,0.850740252146816,0.885092780020897,3.27084240708479,1.01198133177576,2.39079586779034,5.47506150876622,2.82940444214518,2.29844944959444,1.04153023867882,0.92810417180943,1.72775275973379,1.53519488403325,1.43263657021794,1.59619474578884,1.93179058311376,0.915494064537283,1.80763669417267,2.42813596687877,2.59068023873374,2.33914301031249,0.541829419694534,1.77611459540092,0.153583337262434,0.101626107540641,0.855682191774886,1.22811227672358,0.100116909621085,1.65920848052043,0.721708156590185,0.172984854556408,0.122653835276949,0.431874042255097,0.732061462533884,0.699091228087516,1.25561737180317,0.439386840471629,0.905611039819893,0.68874530075188,0.806282052228976,0.245886685124986,0.758126042611923,0.586465324384787,0.878354934983052,0.12366279503094,1.27388453188105,0.197337820268792,0.0264157369564173,0.250197920631234,0.752478958107385,0.220972376575353,0.303008177546522
"70",2013 Q2,3.33689348056596,1.86428812218945,3.99925976279046,0.865542354209302,0.881405314509609,3.28354773310368,1.04581183299062,2.42885791728528,5.49658839111412,2.81325992936166,2.28092006803743,1.03193421388416,0.953944615133358,1.71898405708781,1.53752190706772,1.42229557610789,1.59758576686901,1.86355123517346,0.908846188713398,1.76985110438437,2.37910526835827,2.54601908344636,2.31847699592461,0.559880522857354,1.80135684325709,0.158644049838312,0.111310017691049,0.861740852128981,1.25458608954996,0.103622678059244,1.66383384772913,0.740276979213257,0.173457953625912,0.125343124395931,0.436555342006702,0.7125936114639,0.70697135698288,1.24562825215389,0.413953194872989,0.875136475106359,0.673775381438568,0.812304212788131,0.248098570709401,0.778410346505217,0.581508731495435,0.86487772135425,0.128907352338118,1.24634324276689,0.205945970599977,0.0252486526125876,0.260103296244644,0.751780685354896,0.225623771991161,0.306023062947903
"71",2013 Q3,3.3283682608099,1.89458955223881,3.95646381551778,0.863152157366353,0.878480067990685,3.22377865447783,1.04531089887826,2.42393580586815,5.51687544826821,2.77190972800475,2.25478048751536,1.0370881905883,0.978363938538087,1.72028560250391,1.55415856292049,1.41956432284096,1.6005013044601,1.84949446526628,0.900319815385625,1.76226899416036,2.33055184361502,2.49053724196191,2.292988345353,0.572621271861731,1.75332555305347,0.160742341105487,0.113529137855219,0.85326189417048,1.25186816616528,0.104898924969555,1.69300716432042,0.748806095327368,0.179844807577316,0.126525774053808,0.437015017935195,0.734392963996267,0.714578213377284,1.2279339431107,0.409699400378744,0.848620903326323,0.667565424266455,0.806084953767026,0.249669172626712,0.79817225251215,0.576368560120163,0.883841207835959,0.136162681533692,1.24786934472865,0.211420339604319,0.0243896710118575,0.275082938404456,0.765175074703338,0.228163182473006,0.301928251611712
"72",2013 Q4,3.32833211871686,1.89565141821372,3.95730545104487,0.859372413573852,0.885669379322018,3.15864329293914,1.07254115924002,2.42388439833977,5.56469010335391,2.76327492433634,2.21997342402726,1.04760467766529,0.992399390336223,1.72611066591091,1.56459951868031,1.41367207459065,1.61067625984082,1.83755292872265,0.899053509562918,1.78964038309884,2.33865826631976,2.45364120122294,2.25683889268839,0.584595114859063,1.73179695557851,0.161662342862602,0.112261208428251,0.862966638935086,1.25309646627307,0.107864767602788,1.70768170688191,0.769104809180187,0.189374612654822,0.130820552765752,0.425782588779865,0.717616103122009,0.713039932153922,1.22431478405316,0.397503665464166,0.818165118777746,0.661468435037053,0.795613914722592,0.250004034600479,0.81890062553845,0.57361190674348,0.895948083075401,0.14841653889126,1.21210294053393,0.215717627874592,0.0232244673506622,0.282793962487296,0.777467661109919,0.232385226391558,0.301877021282879
"73",2014 Q1,3.33622357116499,1.86936121054808,3.92246777276738,0.874481565940095,0.886297080075619,3.18775609347517,1.09029171419026,2.42597894959171,5.59024255337092,2.73487440595925,2.20899473188757,1.03849214822292,1.01366224672529,1.73427629772041,1.56490803976682,1.39459137518389,1.59711757451367,1.77881945927476,0.890231079226247,1.76860820568541,2.323495427507,2.43568279479882,2.24039456747324,0.604459180557857,1.7383226150333,0.163311622505674,0.111460897702986,0.852334960853231,1.27146822877952,0.106909692012978,1.72657093434096,0.786804752789881,0.190526801563221,0.131502678221364,0.436833519564072,0.714006968050592,0.716788266372724,1.20275662689849,0.385349195105139,0.788731150172925,0.64772290070462,0.799975139557484,0.252794907127223,0.832773725732026,0.568978871724257,0.896291097200225,0.154411214897807,1.22316402292248,0.205834895912789,0.0212858165139836,0.292314692286008,0.792226349216364,0.236040379705554,0.306331263758926
"74",2014 Q2,3.39972154179479,1.86398191119345,3.9154998910824,0.869089824952938,0.886721794884552,3.21511924829347,1.14704655912056,2.43708358138397,5.62115810331367,2.70793755535103,2.16572117205523,1.03770113726273,1.06658749169669,1.73929443955829,1.57419626928618,1.39808834891051,1.59521206179092,1.64860567514677,0.890951663868438,1.8177278989586,2.34149105528723,2.40893694028119,2.22352714539977,0.617253335021966,1.75419783493483,0.16549062410783,0.117404776836009,0.871985133311769,1.28663750031225,0.111691945170133,1.7355420980976,0.794434561657193,0.198311730721575,0.130465413815453,0.432894743248309,0.698254915175767,0.719338400713765,1.19354449956816,0.377457291369537,0.77283341106668,0.649518355166436,0.802805683751154,0.249974273949685,0.857815297354676,0.564893617021276,0.91196839263424,0.159709814587281,1.20529605447681,0.211933634754117,0.0198061612380088,0.309546668754371,0.811509917260597,0.24187643792347,0.310059157871604
"75",2014 Q3,3.45849754275653,1.87262893621416,3.88513913427117,0.851894139597845,0.891922803422254,3.22453513082747,1.17255401536408,2.44255610407903,5.64178342604755,2.6979665612291,2.13211661531169,1.0459312198502,1.09041488694405,1.73170731707317,1.5787809101691,1.40261805559328,1.54669505253747,1.63416211845563,0.887253712379267,1.76100353333819,2.32823083554618,2.36823566788067,2.17113682432432,0.626757610199669,1.75983762488637,0.165419944492873,0.115652293459477,0.896984519169048,1.31820955401288,0.120088928482632,1.74012315644218,0.814859086910804,0.202126552687952,0.131152447464694,0.412601684143629,0.703608257819316,0.720034558364164,1.1977375204501,0.371016962856153,0.75934698154912,0.648939179632249,0.80492840231705,0.253844985439083,0.878012432118225,0.563011456628478,0.920369480415351,0.169408597939321,1.19833082030942,0.2126165146728,0.0192223459856743,0.321798979623925,0.824288489367859,0.243140288753442,0.319317186243987
"76",2014 Q4,3.49922505873759,1.89568901140805,3.87736585907935,0.841961778192439,0.889712351507529,3.24335539672846,1.20556699767046,2.44596201388353,5.66758994992541,2.7078664733992,2.12023903355103,1.05077686248715,1.16809554487338,1.73567174568799,1.5783581745019,1.39935765046864,1.55828134085587,1.57487981011003,0.881906883567379,1.75078474122868,2.3264357501372,2.34060196489648,2.12366205502757,0.64366677677012,1.77905446073951,0.168142480862851,0.1165133628133,0.922427259549333,1.33750890196313,0.122560482837863,1.74505524766789,0.830818752886312,0.206350413004473,0.132084336194882,0.408601857775993,0.69000606177994,0.721037340118278,1.1787310966839,0.370440609816938,0.736408603027746,0.654639400017441,0.815780231561387,0.2624713336696,0.902196196612283,0.565913948911134,0.91266087544556,0.178863976653481,1.17779757866648,0.216196466555212,0.0181343629839506,0.337336600128051,0.839861292640877,0.247702691090749,0.320150106308615
"77",2015 Q1,3.53308030011599,1.93002271898013,3.87939701665723,0.802500098961042,0.879433616008739,3.2582105623807,1.26651502406598,2.43229768701914,5.72391017820307,2.70455279855338,2.09761496683435,1.08365329726683,1.20838506256774,1.74012075705384,1.57820623322152,1.39352254200632,1.56750126271737,1.19024090839343,0.877358647497572,1.77771061930444,2.35536270911229,2.26780335604011,2.06909197375177,0.673217473515759,1.79308606161212,0.173958898400802,0.115079676098384,0.91572941717638,1.3465183013046,0.127083016047975,1.72332780488556,0.839009201626224,0.211061223151081,0.134834865943734,0.400453726030808,0.707749422104431,0.71736552828175,1.20718346969907,0.372659200874713,0.725164945913462,0.642480182430231,0.832226650665052,0.258836054671049,0.914714177259344,0.569147270639808,0.911513834374027,0.181973575115953,1.18200569840811,0.217914023410837,0.0172927817151183,0.349489608873911,0.838994182374806,0.24890305366239,0.327629083340768
"78",2015 Q2,3.6096317836591,1.95505561376642,3.9045546644403,0.795493032000278,0.875095100147083,3.23803938765747,1.31187870322267,2.45124095345473,5.77477191848489,2.67394876996143,2.07695828508394,1.07572999293724,1.23493899276915,1.7285025627346,1.5947622946625,1.3921743986639,1.55859221480876,1.20787236702294,0.87796920239221,1.82819985775805,2.33127684924054,2.23150677593872,2.02952107261174,0.695585201729482,1.79922217011612,0.175861260059863,0.114603913563863,0.905282090071334,1.36152347050029,0.124146483857312,1.71475461274787,0.85076259136819,0.216151198442939,0.134369086047057,0.389228741142609,0.691300723679863,0.721504428797753,1.19919497540203,0.364712139689369,0.70862679662035,0.641795516558772,0.843258278847678,0.275775516804431,0.937498869496735,0.566958503859504,0.936040933810074,0.182834215934035,1.18309981690178,0.219395975738401,0.0166204277322631,0.363103110713933,0.862229572220649,0.245313137769443,0.322735569104163
"79",2015 Q3,3.63453673927553,1.98641899780881,3.90480973820635,0.827424016958717,0.878729167468083,3.27522148574683,1.33228044357049,2.47309666957169,5.80107606731197,2.69224315043288,2.07368352144716,1.07260373981171,1.25265174976773,1.73295271334004,1.60264470605308,1.40219609240143,1.54936005465725,1.16492743922845,0.87231316368279,1.86654629665973,2.31023357897044,2.20570808368312,1.9905107764886,0.721389694823014,1.83766825812618,0.180331203892112,0.114346746901171,0.920399736892734,1.37789972245258,0.126053107295367,1.70856043633673,0.850162752895065,0.217874461142616,0.134923629480818,0.394645819516494,0.673542072570278,0.729276151334503,1.20018070667846,0.354293062353718,0.695077841241095,0.647281908150547,0.82883833666889,0.270565738517124,0.958549740693093,0.564933858885197,0.95949318565636,0.183085707385352,1.19626425428999,0.216570272151111,0.0155862498649754,0.370706059411393,0.888055364620492,0.249612706561859,0.315685437273264
"80",2015 Q4,3.67192759821563,2.03397373843676,3.92407275585993,0.817122737012492,0.884487204453112,3.33572971563157,1.36139696358503,2.48994578096386,5.81754307541273,2.69199035527258,2.08484810181755,1.08369017675479,1.26486808477931,1.73258092474658,1.59642846818721,1.40052914303187,1.52095226308743,1.14560002379571,0.867776306464828,1.84504658361416,2.39292637525611,2.15043303144017,1.94152523499057,0.747555475050362,1.84327754576414,0.18461755617698,0.115037607921082,0.95603298020293,1.38950882995594,0.129510557006777,1.72293233398358,0.864184929982916,0.223979319052483,0.137874373678092,0.385162150966759,0.651904102831466,0.742122454010415,1.20556328763989,0.336921825554189,0.690919337773122,0.650057340052816,0.815627414359882,0.285625558086335,0.982589655533348,0.564743642162074,0.958463102934249,0.190700036051162,1.19378397687739,0.214376348011834,NA,0.377730323307504,0.923198046016823,0.248229906153203,0.31605880951361
"81",2016 Q1,3.69939406462029,2.03407184994313,3.88834482798714,0.812519195557718,0.884076644558018,3.31611523401369,1.37176224309701,2.51749674862213,5.83952330283039,2.6700691906059,NA,1.07594227060061,1.29174442541894,1.72853445365543,1.59386555163815,1.38695560483381,1.51767172137218,1.11437213620437,NA,1.86752677034622,2.44839759365444,2.10854148600688,1.90673756085545,0.8035042720496,1.84907284355676,0.185638371638189,0.115692912998336,0.947440663186216,1.41139926842368,0.130725951133179,1.73844408078288,0.866145638554163,0.226733589473641,0.138396081146055,0.373057494485381,0.576780951810711,0.740957130167569,1.20133759044794,0.344953804922937,0.678344612437567,0.660572395915992,0.828542362327642,0.286064310299036,1.0032438455378,0.559380552414796,0.958903215862192,0.199142310101294,1.19221830775661,0.215492202175037,NA,0.379874464184565,NA,NA,0.314361018500686
"82",2016 Q2,3.70709729170424,2.05697696242667,3.84651407128025,0.810069719712496,0.889716615831586,3.35332523497882,1.3813406071851,2.55313810624371,5.85946880986575,2.67374676706967,NA,1.08889429688782,1.26494029527726,1.72683931287797,1.61926027175526,1.39353417931273,1.49641102195965,1.11845354421367,NA,1.87228389362996,2.37131025580863,2.08758567834736,1.87997296346297,0.849605107383015,1.83323564092777,0.186707088865591,0.115596752995324,0.965978528317618,1.4101808105996,0.132774719997793,1.72152045374933,0.86740992291554,0.230748752791399,0.138909738187026,0.376809145516111,0.569080309619164,0.756008400526298,1.20974190520882,0.334384001886985,0.67284154829875,0.65759500886093,0.839562153944396,0.291467513831367,1.03676033866156,0.565933403040296,0.976690715501991,0.199267743820721,1.16085546542956,0.215618231934809,NA,0.376711657032811,NA,NA,0.314529786378907
"83",2016 Q3,3.72165272580096,2.06887770117288,3.86169788510449,0.807772884782536,0.897384541696548,3.38938151303357,1.41810324450549,2.55854292538032,5.8762759030513,2.67381767362729,NA,1.09809252691392,1.29132244936146,1.72478128741136,1.64117426572524,1.40828247845587,1.48120819448189,1.12512761996277,NA,1.88053327006065,2.36828235516228,2.04236012502505,1.85375807679176,0.894816227786991,1.82391364849765,0.189930506715707,0.113858795881356,0.998681496073512,1.38834437468492,0.136145612428661,1.70999671657532,0.868754247061572,0.234553465606345,0.137640255732351,0.370927620773151,0.561603577035541,0.768307971438605,NA,0.334124431829338,0.662483208772987,0.660041424767113,0.833204319878213,0.298071063095664,1.06714119306592,0.558264887063655,0.960121236894812,0.201835247493884,1.1653975597769,0.227783696888348,NA,0.381176782613165,NA,NA,0.312973946342506
"84",2016 Q4,3.66351822216169,2.06157506000394,3.83577513191821,0.843027795810568,0.902191711063457,NA,1.39154018985906,2.56383375078411,5.92795829591311,2.64797773936372,NA,1.09267038034652,1.33742976221486,1.7240898925835,1.64881517854756,1.40852346969545,1.3910438695265,0.999632633068466,NA,1.94191548620886,2.60281761921692,2.00059946217267,1.82554293952811,0.933015740335194,1.8217912606719,0.19242757439593,0.11459510388589,1.00116729378545,1.39201132100967,0.139239507000741,1.69632935491733,0.874953446869154,0.23758185241055,0.137215705961127,0.36446658826842,0.555486058508591,0.784669548457555,NA,0.324677464646431,0.644843596783958,0.665194684733733,0.829594904253188,0.295992411991919,1.09623387312797,0.554913855860228,0.966935049444119,0.201661144139473,NA,0.215286332958404,NA,0.379934122322484,NA,NA,NA
"85",2017 Q1,3.66657913009418,2.04354658922018,3.76320272385092,0.882518908986025,0.908758082833062,NA,1.37315038230988,NA,5.94993388450701,2.63422133774607,NA,1.08995586500322,1.33449849142689,NA,1.66752129522923,1.39778994561679,NA,1.07416407182144,NA,NA,NA,NA,NA,0.954698342185638,NA,0.19177266908153,NA,NA,NA,NA,1.66851652776866,0.866395207120704,0.240964827321288,0.137043659168522,NA,0.544448870575231,0.786767081052333,NA,0.31779017820338,0.630070937827511,0.651122104833458,NA,NA,1.11638591781059,NA,0.972496984372462,0.201956888297069,NA,NA,NA,NA,NA,NA,NA
"86",2017 Q2,3.73213808165448,NA,3.80400643177917,0.894904058880578,0.905906300744065,NA,NA,NA,NA,2.64827765031273,NA,NA,NA,NA,1.66372944483363,1.39894415428276,NA,NA,NA,NA,NA,NA,NA,0.983732592778722,NA,0.192905044287663,NA,NA,NA,NA,NA,0.867871023105591,NA,0.137183094940073,NA,NA,NA,NA,0.310151769937452,NA,0.656307006932043,NA,NA,1.14034507203075,NA,0.978215703687813,0.207164693989287,NA,NA,NA,NA,NA,NA,NA
"87",1995 Q1,NA,1.13170857722184,2.15695787179542,NA,NA,NA,1.07953212973099,1.04199033871873,4.02936858441149,1.80648976951228,1.69731385347567,NA,0.763598021041974,0.676889147802929,NA,NA,NA,0.816906747536012,NA,NA,1.04566350555442,NA,0.627337621718988,NA,1.1084806951615,NA,NA,NA,NA,NA,NA,NA,NA,NA,NA,NA,NA,NA,NA,NA,NA,NA,NA,NA,NA,NA,NA,NA,NA,0.0837209458026937,NA,NA,NA,NA
"88",1995 Q2,NA,1.13123734765426,2.18060775179134,NA,NA,NA,1.10502682650618,1.02180154427969,4.01780964542183,1.8035538005923,1.70864107637515,NA,0.771422976529428,0.6536245315711,NA,NA,NA,0.816293577981651,NA,NA,1.07929914044667,NA,0.642645218054323,NA,1.15825104356135,NA,NA,NA,NA,NA,NA,NA,NA,NA,NA,NA,NA,NA,NA,NA,NA,NA,NA,NA,NA,NA,NA,NA,NA,0.085713857167405,NA,NA,NA,NA
"89",1995 Q3,NA,1.15320957315866,2.18463095421645,NA,NA,NA,1.12469332237312,1.02769434593331,4.00666490740841,1.79181418001311,1.71273105907772,NA,0.771572231165972,0.655475393978477,NA,NA,NA,0.827794561933535,NA,NA,1.08604450699831,NA,0.650112672572509,NA,1.19067716023925,NA,NA,NA,NA,NA,NA,NA,NA,NA,NA,NA,NA,NA,NA,NA,NA,NA,NA,NA,NA,NA,NA,NA,NA,0.0837126302822342,NA,NA,NA,NA
"90",1995 Q4,NA,1.16835916160898,2.20436382130668,NA,NA,NA,1.14343097755452,1.01213195574852,4.0587903046606,1.77883605715634,1.70852739109178,NA,0.783595488060136,0.643276028277635,NA,NA,NA,0.845826838599972,NA,NA,1.16761705502184,NA,0.66340628873137,NA,1.21615988259414,NA,NA,NA,NA,NA,NA,NA,NA,NA,NA,NA,NA,NA,NA,NA,NA,NA,NA,NA,NA,NA,NA,NA,NA,0.0881363033904827,NA,NA,NA,NA
"91",2017 Q3,NA,NA,3.84290051175297,0.884404520193015,NA,NA,NA,NA,NA,2.62077965963447,NA,NA,NA,NA,1.66427484386632,NA,NA,NA,NA,NA,NA,NA,NA,1.00718322037617,NA,NA,NA,NA,NA,NA,NA,NA,NA,NA,NA,NA,NA,NA,NA,NA,NA,NA,NA,NA,NA,NA,NA,NA,NA,NA,NA,NA,NA,NA
